icao24,callsign,longitude,latitude,baro_altitude,velocity,on_ground,heading,vertical_rate,squawk,time,trajectory_number
'7c6d33','VOZ334',144.8343,-37.6499,83.82,71.3,FALSE,171.29,-2.93,'1147',1551164952,0.000000
'7c7c98','VOZ875',144.6242,-37.5627,2674.62,149.74,FALSE,1.18,14.63,'3253',1551164955,0.000000
'7c6d2e','VOZ347',144.7777,-37.6582,579.12,110.36,FALSE,274.01,8.13,'1434',1551164959,0.000000
'7c6d2e','VOZ347',144.7633,-37.6574,662.94,118.57,FALSE,273.73,7.48,'1434',1551164970,0.090909
'7c6d2e','VOZ347',144.7355,-37.656,822.96,136.06,FALSE,273.47,7.48,'1434',1551164989,0.181818
'7c6d2e','VOZ347',144.7202,-37.655,899.16,143.42,FALSE,274.32,7.8,'1434',1551164999,0.272727
'7c6d2e','VOZ347',144.7032,-37.6537,990.6,152.54,FALSE,275.81,8.78,'1434',1551165009,0.363636
'7c6d2e','VOZ347',144.6863,-37.6519,1082.04,160.1,FALSE,279.43,10.4,'1434',1551165019,0.454545
'7c6d2e','VOZ347',144.6674,-37.6465,1196.34,167.26,FALSE,296.88,14.31,'1434',1551165030,0.545455
'7c6d2e','VOZ347',144.6539,-37.6385,1318.26,172.68,FALSE,311.86,17.23,'1434',1551165038,0.636364
'7c6d2e','VOZ347',144.6413,-37.6248,1478.28,178.23,FALSE,329.66,17.88,'1434',1551165049,0.727273
'7c6d2e','VOZ347',144.6333,-37.6096,1630.68,181.89,FALSE,340.85,19.51,'1434',1551165059,0.818182
'7c6d2e','VOZ347',144.6275,-37.5753,2049.78,186.24,FALSE,0.63,22.43,'1434',1551165080,0.909091
'7c6d2e','VOZ347',144.6298,-37.5606,2217.42,188.35,FALSE,9.59,21.13,'1434',1551165089,1.000000
'7c4028','SH927',144.9638,-37.746,304.8,83.31,FALSE,351.12,-4.88,'4010',1551164959,0.000000
'7c4028','SH927',144.9611,-37.7388,274.32,77.53,FALSE,333.6,-1.95,'4010',1551164969,0.200000
'7c4028','SH927',144.9537,-37.7324,213.36,65.11,FALSE,301.43,-4.55,'4010',1551164983,0.400000
'7c4028','SH927',144.943,-37.7301,152.4,60.84,FALSE,273.88,-3.25,'4010',1551164999,0.600000
'7c4028','SH927',144.9357,-37.7302,121.92,60.2,FALSE,269.02,-3.25,'4010',1551165010,0.800000
'7c4028','SH927',144.922,-37.7305,60.96,61.32,FALSE,266.63,-4.55,'4010',1551165029,1.000000
'7c7ab9','VOZ96',144.8228,-37.5883,449.58,68.61,FALSE,171.81,-3.58,'0225',1551164959,0.000000
'7c7ab9','VOZ96',144.8241,-37.5946,411.48,69.12,FALSE,171.87,-3.9,'0225',1551164969,0.111111
'7c7ab9','VOZ96',144.826,-37.6052,342.9,68.61,FALSE,171.81,-3.9,'0225',1551164987,0.222222
'7c7ab9','VOZ96',144.8276,-37.6127,297.18,67.24,FALSE,170.75,-4.23,'0225',1551164999,0.333333
'7c7ab9','VOZ96',144.8285,-37.6184,274.32,67.96,FALSE,172.61,-3.58,'0225',1551165008,0.444444
'7c7ab9','VOZ96',144.8294,-37.6237,236.22,69.04,FALSE,172.29,-4.23,'0225',1551165017,0.555556
'7c7ab9','VOZ96',144.8308,-37.6312,198.12,68.17,FALSE,171.32,-3.25,'0225',1551165030,0.666667
'7c7ab9','VOZ96',144.8318,-37.6364,167.64,66.65,FALSE,171.12,-3.25,'0225',1551165038,0.777778
'7c7ab9','VOZ96',144.8329,-37.6427,129.54,67.08,FALSE,171.62,-3.25,'0225',1551165048,0.888889
'7c7ab9','VOZ96',144.8332,-37.6442,114.3,66.57,FALSE,171.56,-2.93,'0225',1551165051,1.000000
'7c6d75','JST710',145.104,-37.7141,3154.68,152.32,FALSE,332.66,-10.4,'7234',1551164999,0.000000
'7c6d75','JST710',145.0959,-37.7011,3063.24,151.86,FALSE,334.3,-9.1,'7234',1551165009,0.037037
'7c6d75','JST710',145.0889,-37.6893,2979.42,151.23,FALSE,335.27,-8.45,'7234',1551165019,0.074074
'7c6d75','JST710',145.0809,-37.6751,2895.6,150.85,FALSE,336.06,-7.8,'7234',1551165030,0.111111
'7c6d75','JST710',145.076,-37.6662,2842.26,150.64,FALSE,336.24,-6.83,'7234',1551165038,0.148148
'7c6d75','JST710',145.0677,-37.6514,2766.06,149.02,FALSE,336.18,-6.83,'7234',1551165050,0.185185
'7c6d75','JST710',145.0615,-37.6404,2705.1,147.82,FALSE,335.75,-6.83,'7234',1551165059,0.222222
'7c6d75','JST710',145.047,-37.6151,2560.32,145.01,FALSE,335.25,-8.45,'7234',1551165079,0.259259
'7c6d75','JST710',145.0409,-37.6045,2476.5,144.08,FALSE,335.08,-9.75,'7234',1551165089,0.296296
'7c6d75','JST710',145.0334,-37.5917,2377.44,144.76,FALSE,334.98,-8.45,'7234',1551165100,0.333333
'7c6d75','JST710',145.027,-37.5809,2301.24,144.76,FALSE,334.98,-7.8,'7234',1551165109,0.370370
'7c6d75','JST710',145.0195,-37.5682,2232.66,143.83,FALSE,334.81,-6.83,'7234',1551165120,0.407407
'7c6d75','JST710',145.0125,-37.5563,2164.08,142.68,FALSE,334.82,-6.5,'7234',1551165130,0.444444
'7c6d75','JST710',144.8163,-37.5538,655.32,73.26,FALSE,171.93,-3.9,'7234',1551165439,0.481481
'7c6d75','JST710',144.8175,-37.5599,617.22,74.94,FALSE,171.31,-2.6,'7234',1551165449,0.518519
'7c6d75','JST710',144.8189,-37.5668,571.5,73.92,FALSE,171.19,-3.9,'7234',1551165459,0.555556
'7c6d75','JST710',144.82,-37.5726,533.4,70.79,FALSE,171.22,-3.9,'7234',1551165468,0.592593
'7c6d75','JST710',144.8212,-37.5791,495.3,69.63,FALSE,171.93,-4.55,'7234',1551165479,0.629630
'7c6d75','JST710',144.8223,-37.5858,457.2,68.61,FALSE,171.81,-3.9,'2561',1551165489,0.666667
'7c6d75','JST710',144.8233,-37.5912,426.72,67.59,FALSE,171.68,-3.25,'7234',1551165499,0.703704
'7c6d75','JST710',144.8255,-37.6023,358.14,68.68,FALSE,171.38,-4.55,'7234',1551165517,0.740741
'7c6d75','JST710',144.826,-37.6053,327.66,67.66,FALSE,171.25,-3.58,'7234',1551165522,0.777778
'7c6d75','JST710',144.8277,-37.6143,281.94,69.27,FALSE,171.03,-3.58,'7234',1551165536,0.814815
'7c6d75','JST710',144.8282,-37.617,266.7,69.27,FALSE,171.03,-3.58,'7234',1551165541,0.851852
'7c6d75','JST710',144.8293,-37.6227,220.98,69.27,FALSE,171.03,-3.58,'7234',1551165550,0.888889
'7c6d75','JST710',144.8312,-37.6339,167.64,67.52,FALSE,172.12,-3.58,'7234',1551165569,0.925926
'7c6d75','JST710',144.8325,-37.6402,137.16,68.68,FALSE,171.38,-2.93,'7234',1551165579,0.962963
'7c6d75','JST710',144.8328,-37.642,121.92,68.68,FALSE,171.38,-3.25,'7234',1551165581,1.000000
'7c801e','RXA3772',144.5699,-37.7697,5356.86,167.37,FALSE,80.62,-8.45,'3604',1551165039,0.000000
'7c801e','RXA3772',144.5903,-37.7671,5265.42,168.39,FALSE,80.68,-8.45,'3604',1551165050,0.023256
'7c801e','RXA3772',144.6084,-37.7648,5189.22,168.39,FALSE,80.68,-8.45,'3604',1551165059,0.046512
'7c801e','RXA3772',144.6472,-37.7597,5029.2,166.78,FALSE,80.77,-8.13,'3604',1551165080,0.069767
'7c801e','RXA3772',144.6649,-37.7574,4945.38,166.78,FALSE,80.77,-8.45,'3604',1551165089,0.093023
'7c801e','RXA3772',144.6841,-37.755,4861.56,166.78,FALSE,80.77,-8.13,'3604',1551165100,0.116279
'7c801e','RXA3772',144.7024,-37.7526,4785.36,166.78,FALSE,80.77,-8.45,'3604',1551165109,0.139535
'7c801e','RXA3772',144.7212,-37.7502,4701.54,166.19,FALSE,80.92,-8.45,'3604',1551165120,0.162791
'7c801e','RXA3772',144.7402,-37.7478,4625.34,165.68,FALSE,80.89,-8.45,'3604',1551165130,0.186047
'7c801e','RXA3772',144.7749,-37.7433,4472.94,163.65,FALSE,80.77,-8.78,'3604',1551165149,0.209302
'7c801e','RXA3772',144.7952,-37.7406,4366.26,163.14,FALSE,80.75,-8.78,'3604',1551165160,0.232558
'7c801e','RXA3772',144.813,-37.7384,4290.06,162.98,FALSE,81.1,-8.78,'3604',1551165170,0.255814
'7c801e','RXA3772',144.8321,-37.7361,4198.62,162.39,FALSE,81.25,-8.78,'3604',1551165180,0.279070
'7c801e','RXA3772',144.8498,-37.734,4114.8,162.32,FALSE,81.43,-9.1,'3604',1551165190,0.302326
'7c801e','RXA3772',144.8683,-37.7317,4023.36,161.81,FALSE,81.41,-8.78,'3604',1551165200,0.325581
'7c801e','RXA3772',144.8862,-37.7295,3939.54,161.3,FALSE,81.38,-8.78,'3604',1551165210,0.348837
'7c801e','RXA3772',144.9044,-37.7271,3848.1,161.23,FALSE,79.34,-9.43,'3604',1551165220,0.372093
'7c801e','RXA3772',144.9204,-37.7226,3749.04,160.82,FALSE,64.01,-12.68,'3604',1551165229,0.395349
'7c801e','RXA3772',144.9454,-37.7027,3482.34,158,FALSE,29.24,-14.31,'3604',1551165249,0.418605
'7c801e','RXA3772',144.9515,-37.6903,3360.42,155.72,FALSE,17.3,-12.35,'3604',1551165259,0.441860
'7c801e','RXA3772',144.9551,-37.6765,3238.5,152.86,FALSE,8.32,-12.68,'3604',1551165269,0.465116
'7c801e','RXA3772',144.9567,-37.6633,3124.2,151.02,FALSE,3.52,-12.35,'3604',1551165279,0.488372
'7c801e','RXA3772',144.957,-37.6493,3002.28,148.68,FALSE,359.6,-12.35,'3604',1551165289,0.511628
'7c801e','RXA3772',144.9565,-37.6361,2887.98,147.26,FALSE,357.6,-11.05,'3604',1551165299,0.534884
'7c801e','RXA3772',144.9555,-37.6223,2773.68,144.82,FALSE,356.54,-11.05,'3604',1551165309,0.558140
'7c801e','RXA3772',144.9546,-37.6104,2674.62,142.29,FALSE,356.27,-11.05,'3604',1551165319,0.581395
'7c801e','RXA3772',144.9524,-37.585,2491.74,135.1,FALSE,356.07,-7.8,'3604',1551165339,0.604651
'7c801e','RXA3772',144.9513,-37.5722,2415.54,131.47,FALSE,356.19,-6.5,'3604',1551165349,0.627907
'7c801e','RXA3772',144.9505,-37.5611,2354.58,129.36,FALSE,356.58,-6.5,'3604',1551165359,0.651163
'7c801e','RXA3772',144.8181,-37.5626,632.46,74.35,FALSE,171.65,-4.55,'3604',1551165699,0.674419
'7c801e','RXA3772',144.8193,-37.5695,579.12,72.83,FALSE,171.47,-4.23,'3604',1551165709,0.697674
'7c801e','RXA3772',144.8204,-37.5752,548.64,70.72,FALSE,171.63,-3.9,'3604',1551165718,0.720930
'7c801e','RXA3772',144.8217,-37.5824,502.92,68.03,FALSE,172.18,-3.25,'3604',1551165730,0.744186
'7c801e','RXA3772',144.8226,-37.5878,472.44,67.59,FALSE,171.68,-3.58,'3604',1551165738,0.767442
'7c801e','RXA3772',144.8238,-37.5939,434.34,67.16,FALSE,171.19,-3.25,'3604',1551165749,0.790698
'7c801e','RXA3772',144.8248,-37.5988,403.86,67.16,FALSE,171.19,-3.9,'3604',1551165757,0.813953
'7c801e','RXA3772',144.8262,-37.6062,358.14,67.16,FALSE,171.19,-3.9,'3604',1551165769,0.837209
'7c801e','RXA3772',144.8284,-37.6178,289.56,63.95,FALSE,171.67,-4.23,'3604',1551165790,0.860465
'7c801e','RXA3772',144.8294,-37.6231,259.08,64.46,FALSE,171.74,-3.58,'3604',1551165799,0.883721
'7c801e','RXA3772',144.8294,-37.6236,259.08,64.46,FALSE,171.74,-3.58,'3604',1551165800,0.906977
'7c801e','RXA3772',144.8315,-37.6346,205.74,61.41,FALSE,171.33,-2.6,'3604',1551165819,0.930233
'7c801e','RXA3772',144.8324,-37.6394,175.26,60.31,FALSE,171.66,-2.93,'3604',1551165828,0.953488
'7c801e','RXA3772',144.8331,-37.6433,114.3,60.31,FALSE,171.66,-3.25,'3604',1551165835,0.976744
'7c801e','RXA3772',144.8347,-37.6519,106.68,60.31,FALSE,171.66,-3.25,'3604',1551165851,1.000000
'7c77f8','QFA458',144.8047,-37.6593,350.52,82.63,FALSE,275,11.7,'3712',1551165050,0.000000
'7c77f8','QFA458',144.796,-37.6588,449.58,85.07,FALSE,273.81,11.05,'3712',1551165059,0.062500
'7c77f8','QFA458',144.7744,-37.6577,609.6,102.05,FALSE,273.47,6.18,'3712',1551165079,0.125000
'7c77f8','QFA458',144.7623,-37.6571,670.56,112.86,FALSE,273.4,8.45,'3712',1551165089,0.187500
'7c77f8','QFA458',144.7481,-37.6564,746.76,124.77,FALSE,273.78,10.73,'3712',1551165099,0.250000
'7c77f8','QFA458',144.7348,-37.6557,891.54,128.87,FALSE,273.66,16.91,'3712',1551165109,0.312500
'7c77f8','QFA458',144.7196,-37.6548,1051.56,133.64,FALSE,274.42,15.61,'3712',1551165119,0.375000
'7c77f8','QFA458',144.7039,-37.6538,1264.92,134.19,FALSE,274.62,25.03,'3712',1551165129,0.437500
'7c77f8','QFA458',144.6739,-37.6487,1638.3,138.07,FALSE,293.03,17.88,'3712',1551165149,0.500000
'7c77f8','QFA458',144.6608,-37.6413,1874.52,138.85,FALSE,309.59,23.73,'3712',1551165159,0.562500
'7c77f8','QFA458',144.651,-37.6321,2095.5,139.42,FALSE,322.5,21.46,'3712',1551165169,0.625000
'7c77f8','QFA458',144.644,-37.6203,2308.86,142.28,FALSE,339.47,20.16,'3712',1551165179,0.687500
'7c77f8','QFA458',144.6392,-37.6083,2491.74,143.82,FALSE,342.08,19.18,'3712',1551165189,0.750000
'7c77f8','QFA458',144.6339,-37.5952,2697.48,144.64,FALSE,342.4,19.83,'3712',1551165199,0.812500
'7c77f8','QFA458',144.6296,-37.5843,2842.26,146.79,FALSE,343.09,16.58,'3712',1551165208,0.875000
'7c77f8','QFA458',144.626,-37.5699,3009.9,151.29,FALSE,353.16,14.31,'3712',1551165219,0.937500
'7c77f8','QFA458',144.6268,-37.5558,3154.68,156.34,FALSE,6.42,13.66,'3712',1551165229,1.000000
'7c6a8d','VOZ862',144.8167,-37.5547,632.46,72.83,FALSE,171.47,-4.55,'4067',1551165080,0.000000
'7c6a8d','VOZ862',144.8177,-37.5605,594.36,73.19,FALSE,172.33,-2.93,'4067',1551165089,0.071429
'7c6a8d','VOZ862',144.8191,-37.568,556.26,72.99,FALSE,170.67,-2.93,'4067',1551165100,0.142857
'7c6a8d','VOZ862',144.8202,-37.5739,525.78,71.66,FALSE,172.16,-4.55,'4067',1551165109,0.214286
'7c6a8d','VOZ862',144.8214,-37.5806,487.68,69.19,FALSE,171.45,-3.9,'4067',1551165120,0.285714
'7c6a8d','VOZ862',144.8224,-37.586,457.2,67.59,FALSE,171.68,-4.55,'4067',1551165129,0.357143
'7c6a8d','VOZ862',144.8245,-37.5976,381,67.59,FALSE,171.68,-3.25,'4067',1551165148,0.428571
'7c6a8d','VOZ862',144.8258,-37.604,350.52,66.57,FALSE,171.56,-2.6,'4067',1551165159,0.500000
'7c6a8d','VOZ862',144.8267,-37.6089,312.42,68.17,FALSE,171.32,-3.58,'4067',1551165167,0.571429
'7c6a8d','VOZ862',144.828,-37.6159,281.94,69.19,FALSE,171.45,-2.93,'4067',1551165179,0.642857
'7c6a8d','VOZ862',144.8285,-37.6184,266.7,69.19,FALSE,171.45,-2.93,'4067',1551165182,0.714286
'7c6a8d','VOZ862',144.8296,-37.6247,213.36,69.19,FALSE,171.45,-2.93,'4067',1551165193,0.785714
'7c6a8d','VOZ862',144.8313,-37.634,175.26,65.71,FALSE,170.54,-3.9,'4067',1551165209,0.857143
'7c6a8d','VOZ862',144.8324,-37.6399,137.16,65.48,FALSE,171.87,-3.58,'4067',1551165219,0.928571
'7c6a8d','VOZ862',144.8331,-37.6435,121.92,65.99,FALSE,171.93,-2.6,'4067',1551165225,1.000000
'7c6dda','QFA172',144.816,-37.5516,662.94,74.35,FALSE,171.65,-4.23,'0226',1551165169,0.000000
'7c6dda','QFA172',144.8172,-37.5585,624.84,76.32,FALSE,172.25,-3.58,'0226',1551165179,0.076923
'7c6dda','QFA172',144.8185,-37.565,586.74,76.54,FALSE,171.11,-3.58,'0226',1551165189,0.153846
'7c6dda','QFA172',144.8197,-37.5719,541.02,76.83,FALSE,172.3,-4.23,'0226',1551165199,0.230769
'7c6dda','QFA172',144.8209,-37.5785,502.92,76.47,FALSE,171.49,-4.55,'0226',1551165209,0.307692
'7c6dda','QFA172',144.8222,-37.5854,457.2,74.86,FALSE,171.7,-4.23,'0226',1551165219,0.384615
'7c6dda','QFA172',144.8236,-37.5923,419.1,74.43,FALSE,171.25,-3.9,'0226',1551165229,0.461538
'7c6dda','QFA172',144.8259,-37.6049,350.52,74.43,FALSE,171.25,-3.58,'0226',1551165248,0.538462
'7c6dda','QFA172',144.8272,-37.6118,304.8,74.35,FALSE,171.65,-3.9,'0226',1551165259,0.615385
'7c6dda','QFA172',144.8282,-37.6175,266.7,73.77,FALSE,171.98,-3.58,'0226',1551165268,0.692308
'7c6dda','QFA172',144.8293,-37.6235,236.22,74.94,FALSE,171.31,-3.9,'0226',1551165276,0.769231
'7c6dda','QFA172',144.8309,-37.6317,190.5,74.94,FALSE,171.31,-3.9,'0226',1551165289,0.846154
'7c6dda','QFA172',144.8321,-37.6383,152.4,73.34,FALSE,171.53,-3.25,'0226',1551165299,0.923077
'7c6dda','QFA172',144.833,-37.6432,121.92,73.26,FALSE,171.93,-4.55,'0226',1551165306,1.000000
'76ce51','SIA248',144.8436,-37.6992,312.42,90.43,FALSE,171.82,13,'1276',1551165209,0.000000
'76ce51','SIA248',144.8452,-37.708,419.1,92.62,FALSE,171.37,8.45,'1276',1551165220,0.043478
'76ce51','SIA248',144.8468,-37.7162,510.54,94.73,FALSE,171.25,10.73,'1276',1551165230,0.086957
'76ce51','SIA248',144.85,-37.7322,662.94,95.6,FALSE,171.96,3.58,'1276',1551165249,0.130435
'76ce51','SIA248',144.8504,-37.7402,708.66,97.5,FALSE,184.24,5.85,'1276',1551165258,0.173913
'76ce51','SIA248',144.8471,-37.7492,769.62,98.94,FALSE,205.9,6.5,'1276',1551165268,0.217391
'76ce51','SIA248',144.8402,-37.7558,815.34,102.95,FALSE,229.86,3.58,'1276',1551165278,0.260870
'76ce51','SIA248',144.8292,-37.7605,876.3,106.29,FALSE,253.41,7.48,'1276',1551165289,0.304348
'76ce51','SIA248',144.8176,-37.7613,944.88,108.11,FALSE,272.18,6.83,'1276',1551165298,0.347826
'76ce51','SIA248',144.8048,-37.7596,1051.56,106.44,FALSE,284.84,12.03,'1276',1551165309,0.391304
'76ce51','SIA248',144.7935,-37.7571,1143,105.79,FALSE,286.67,7.48,'1276',1551165319,0.434783
'76ce51','SIA248',144.7691,-37.7514,1211.58,114.69,FALSE,285.35,5.53,'1276',1551165339,0.478261
'76ce51','SIA248',144.7558,-37.7487,1280.16,117.29,FALSE,284.22,6.83,'1276',1551165349,0.521739
'76ce51','SIA248',144.743,-37.7461,1333.5,120.4,FALSE,284.1,4.55,'1276',1551165359,0.565217
'76ce51','SIA248',144.7294,-37.7435,1379.22,124.52,FALSE,283.86,5.2,'1276',1551165369,0.608696
'76ce51','SIA248',144.7157,-37.7408,1417.32,129.64,FALSE,283.54,2.28,'1276',1551165379,0.652174
'76ce51','SIA248',144.6996,-37.7378,1447.8,134.77,FALSE,283.24,5.85,'1276',1551165390,0.695652
'76ce51','SIA248',144.6861,-37.7352,1516.38,136.27,FALSE,283.09,9.43,'1276',1551165399,0.739130
'76ce51','SIA248',144.6692,-37.7321,1630.68,136.27,FALSE,283.09,10.73,'1276',1551165410,0.782609
'76ce51','SIA248',144.6414,-37.7272,1798.32,137.04,FALSE,282.58,8.45,'1276',1551165429,0.826087
'76ce51','SIA248',144.6257,-37.7243,1920.24,136.15,FALSE,282.88,13.66,'1276',1551165439,0.869565
'76ce51','SIA248',144.6117,-37.7215,2034.54,135.32,FALSE,285.89,10.4,'1276',1551165448,0.913043
'76ce51','SIA248',144.5974,-37.7175,2110.74,137.56,FALSE,291.96,9.75,'1276',1551165458,0.956522
'76ce51','SIA248',144.582,-37.7121,2217.42,137.4,FALSE,295.03,10.08,'1276',1551165469,1.000000
'7c8021','RXA3493',144.8171,-37.5538,541.02,78.71,FALSE,180.37,-0.98,'3747',1551165277,0.000000
'7c8021','RXA3493',144.818,-37.562,541.02,78.43,FALSE,172.08,-0.33,'3747',1551165288,0.026316
'7c8021','RXA3493',144.8193,-37.5688,541.02,76.04,FALSE,171.05,-0.65,'3747',1551165298,0.052632
'7c8021','RXA3493',144.8208,-37.5763,533.4,74.35,FALSE,171.65,0,'3747',1551165309,0.078947
'7c8021','RXA3493',144.822,-37.5825,510.54,72.83,FALSE,171.47,-3.9,'3747',1551165319,0.105263
'7c8021','RXA3493',144.8243,-37.5954,426.72,73.13,FALSE,172.72,-5.2,'3747',1551165339,0.131579
'7c8021','RXA3493',144.8255,-37.6023,388.62,70.06,FALSE,172.41,-3.9,'3747',1551165349,0.157895
'7c8021','RXA3493',144.8262,-37.6066,358.14,68.1,FALSE,171.75,-3.9,'3747',1551165356,0.184211
'7c8021','RXA3493',144.8276,-37.6141,312.42,65.04,FALSE,171.36,-2.93,'3747',1551165369,0.210526
'7c8021','RXA3493',144.8284,-37.618,289.56,63.01,FALSE,171.08,-3.25,'3747',1551165376,0.236842
'7c8021','RXA3493',144.8297,-37.6249,251.46,61.41,FALSE,171.33,-3.25,'3747',1551165389,0.263158
'7c8021','RXA3493',144.8307,-37.6305,213.36,59.22,FALSE,172.01,-2.6,'3747',1551165399,0.289474
'7c8021','RXA3493',144.8317,-37.6362,182.88,59.3,FALSE,171.52,-3.25,'3747',1551165409,0.315789
'7c8021','RXA3493',144.8332,-37.644,144.78,58.79,FALSE,171.44,-2.28,'3747',1551165425,0.342105
'7c8021','RXA3493',144.8346,-37.6515,106.68,58.79,FALSE,171.44,-2.93,'3747',1551165439,0.368421
'7c8021','RXA3493',144.8348,-37.6525,99.06,57.26,FALSE,171.21,-2.6,'3747',1551165441,0.394737
'7c8021','',144.8263,-37.661,167.64,71.69,FALSE,274.11,6.83,None,1551167309,0.421053
'7c8021','RXA3783',144.8187,-37.6607,281.94,75.74,FALSE,273.12,13.33,'7253',1551167319,0.447368
'7c8021','RXA3783',144.8096,-37.6603,411.48,76.79,FALSE,273.46,14.31,'7253',1551167329,0.473684
'7c8021','RXA3783',144.8016,-37.6597,525.78,78.12,FALSE,276.05,11.7,'7253',1551167338,0.500000
'7c8021','RXA3783',144.7928,-37.6589,640.08,77.09,FALSE,276.13,9.43,'7253',1551167348,0.526316
'7c8021','RXA3783',144.7836,-37.6582,723.9,78.06,FALSE,275.67,7.48,'7253',1551167359,0.552632
'7c8021','RXA3783',144.7656,-37.657,899.16,80.53,FALSE,274.76,9.43,'7253',1551167379,0.578947
'7c8021','RXA3783',144.7563,-37.6562,998.22,79.14,FALSE,275.97,11.38,'7253',1551167389,0.605263
'7c8021','RXA3783',144.7473,-37.6554,1120.14,76.25,FALSE,277.36,10.08,'7253',1551167399,0.631579
'7c8021','RXA3783',144.7379,-37.6545,1181.1,81.3,FALSE,276.54,3.25,'7253',1551167410,0.657895
'7c8021','RXA3783',144.7296,-37.6538,1203.96,88.46,FALSE,276.01,1.95,'7253',1551167419,0.684211
'7c8021','RXA3783',144.7193,-37.6529,1219.2,95.11,FALSE,275.59,2.6,'7253',1551167429,0.710526
'7c8021','RXA3783',144.7076,-37.652,1264.92,98.74,FALSE,275.68,5.53,'7253',1551167439,0.736842
'7c8021','RXA3783',144.6974,-37.6512,1318.26,99.26,FALSE,275.65,8.13,'7253',1551167449,0.763158
'7c8021','RXA3783',144.6752,-37.6502,1478.28,98.27,FALSE,269.1,7.48,'7253',1551167468,0.789474
'7c8021','RXA3783',144.6628,-37.6506,1554.48,97.88,FALSE,266.99,7.8,'7253',1551167479,0.815789
'7c8021','RXA3783',144.6523,-37.6511,1630.68,97.46,FALSE,266.07,8.13,'7253',1551167489,0.842105
'7c8021','RXA3783',144.6414,-37.6517,1706.88,95.96,FALSE,265.7,9.1,'7253',1551167499,0.868421
'7c8021','RXA3783',144.6312,-37.6524,1790.7,94.42,FALSE,265.63,8.78,'7253',1551167508,0.894737
'7c8021','RXA3783',144.6198,-37.6531,1874.52,92.88,FALSE,265.55,8.13,'7253',1551167519,0.921053
'7c8021','RXA3783',144.6099,-37.6537,1950.72,92.33,FALSE,265.85,7.15,'7253',1551167529,0.947368
'7c8021','RXA3783',144.5991,-37.6543,2019.3,92.33,FALSE,265.85,6.83,'7253',1551167539,0.973684
'7c8021','RXA3783',144.579,-37.6554,2141.22,92.81,FALSE,266.19,6.83,'7253',1551167559,1.000000
'7c6de9','',144.8212,-37.6606,114.3,85.9,FALSE,276.19,12.03,'1440',1551165519,0.000000
'7c6de9','QFA045',144.8171,-37.6601,167.64,86.14,FALSE,277.55,13.33,'1440',1551165524,0.052632
'7c6de9','QFA045',144.8012,-37.6585,381,89.89,FALSE,275.25,14.63,'1440',1551165539,0.105263
'7c6de9','QFA045',144.7915,-37.658,502.92,90.17,FALSE,273.27,10.73,'1440',1551165549,0.157895
'7c6de9','QFA045',144.7797,-37.6577,533.4,100.36,FALSE,271.76,2.93,'1440',1551165560,0.210526
'7c6de9','QFA045',144.7689,-37.6574,571.5,108.61,FALSE,271.9,7.15,'1440',1551165569,0.263158
'7c6de9','QFA045',144.7557,-37.6569,655.32,114.89,FALSE,273.08,6.5,'1440',1551165579,0.315789
'7c6de9','QFA045',144.7424,-37.6561,731.52,121.84,FALSE,274.84,8.45,'1440',1551165589,0.368421
'7c6de9','QFA045',144.713,-37.6541,937.26,132.7,FALSE,274.89,13.66,'1440',1551165609,0.421053
'7c6de9','QFA045',144.6984,-37.6532,1097.28,133.6,FALSE,274.2,17.88,'1440',1551165619,0.473684
'7c6de9','QFA045',144.6836,-37.6524,1280.16,132.14,FALSE,274.69,18.21,'1440',1551165629,0.526316
'7c6de9','QFA045',144.6689,-37.6498,1402.08,136.02,FALSE,287.61,9.1,'1440',1551165638,0.578947
'7c6de9','QFA045',144.6549,-37.6438,1554.48,139.13,FALSE,304.45,14.31,'1440',1551165649,0.631579
'7c6de9','QFA045',144.6446,-37.636,1729.74,140.37,FALSE,320.65,16.58,'1440',1551165658,0.684211
'7c6de9','QFA045',144.6338,-37.6235,1927.86,141.97,FALSE,326.83,17.88,'1440',1551165669,0.736842
'7c6de9','QFA045',144.6258,-37.6138,2087.88,141.83,FALSE,326.54,18.86,'1440',1551165679,0.789474
'7c6de9','QFA045',144.6083,-37.5925,2423.16,141.85,FALSE,327.29,15.28,'1440',1551165699,0.842105
'7c6de9','QFA045',144.5988,-37.5806,2583.18,142.71,FALSE,327.51,15.93,'1440',1551165709,0.894737
'7c6de9','QFA045',144.5904,-37.5701,2727.96,144.29,FALSE,327.67,14.31,'1440',1551165719,0.947368
'7c6de9','QFA045',144.5815,-37.559,2857.5,146.58,FALSE,327.76,13.66,'1440',1551165729,1.000000
'7c6d21','TGG563',144.8163,-37.5529,655.32,79.09,FALSE,171.4,-3.9,'1175',1551165579,0.000000
'7c6d21','TGG563',144.8175,-37.5588,617.22,77.56,FALSE,171.22,-4.55,'1175',1551165587,0.083333
'7c6d21','TGG563',144.8202,-37.5735,533.4,73.5,FALSE,170.74,-4.23,'1175',1551165609,0.166667
'7c6d21','TGG563',144.8214,-37.5801,495.3,72.17,FALSE,172.22,-3.9,'1175',1551165619,0.250000
'7c6d21','TGG563',144.8225,-37.5867,457.2,71.73,FALSE,171.75,-2.28,'1175',1551165629,0.333333
'7c6d21','TGG563',144.8236,-37.5927,419.1,73.41,FALSE,171.13,-3.9,'1175',1551165639,0.416667
'7c6d21','TGG563',144.8248,-37.5985,388.62,74.35,FALSE,171.65,-3.58,'1175',1551165647,0.500000
'7c6d21','TGG563',144.8257,-37.6037,342.9,74.43,FALSE,171.25,-3.9,'1175',1551165655,0.583333
'7c6d21','TGG563',144.8274,-37.613,304.8,73.77,FALSE,171.98,-2.93,'3614',1551165669,0.666667
'7c6d21','TGG563',144.828,-37.6162,274.32,73.77,FALSE,171.98,-3.9,'1175',1551165674,0.750000
'7c6d21','TGG563',144.831,-37.6321,182.88,71.81,FALSE,171.35,-2.6,'1175',1551165699,0.833333
'7c6d21','TGG563',144.8322,-37.6387,144.78,71.23,FALSE,171.69,-3.9,'1175',1551165709,0.916667
'7c6d21','TGG563',144.8332,-37.6441,100.58,71.3,FALSE,171.29,-4.23,'3614',1551165717,1.000000
'7c6db1','QFA632',144.8076,-37.6593,274.32,88.35,FALSE,275.35,11.7,'1257',1551165699,0.000000
'7c6db1','QFA632',144.7971,-37.6588,403.86,90.15,FALSE,272.94,13.66,'1257',1551165709,0.062500
'7c6db1','QFA632',144.7873,-37.6584,510.54,93.21,FALSE,272.53,9.43,'1257',1551165719,0.125000
'7c6db1','QFA632',144.7751,-37.658,586.74,102.48,FALSE,272.59,6.83,'1257',1551165730,0.187500
'7c6db1','QFA632',144.7637,-37.6574,662.94,109.3,FALSE,273.78,9.1,'1257',1551165739,0.250000
'7c6db1','QFA632',144.7501,-37.6567,716.28,119.63,FALSE,273.95,4.55,'1257',1551165749,0.312500
'7c6db1','QFA632',144.737,-37.6561,800.1,126.76,FALSE,273.26,9.1,'1257',1551165759,0.375000
'7c6db1','QFA632',144.7208,-37.6552,922.02,133.64,FALSE,274.42,13.98,'1257',1551165769,0.437500
'7c6db1','QFA632',144.6904,-37.6527,1287.78,134.32,FALSE,277.26,21.78,'1257',1551165790,0.500000
'7c6db1','QFA632',144.6764,-37.6494,1470.66,135.66,FALSE,291.12,19.83,'1257',1551165799,0.562500
'7c6db1','QFA632',144.6646,-37.6436,1638.3,137.98,FALSE,306.36,18.86,'1257',1551165808,0.625000
'7c6db1','QFA632',144.6527,-37.6332,1821.18,140.05,FALSE,322.16,19.83,'1257',1551165819,0.687500
'7c6db1','QFA632',144.6461,-37.6228,1988.82,141.99,FALSE,336.96,19.18,'1257',1551165829,0.750000
'7c6db1','QFA632',144.6413,-37.6105,2164.08,142.26,FALSE,343.4,17.88,'1257',1551165839,0.812500
'7c6db1','QFA632',144.6363,-37.5977,2331.72,142.86,FALSE,342.61,16.58,'1257',1551165849,0.875000
'7c6db1','QFA632',144.6317,-37.5859,2476.5,144.98,FALSE,342.66,16.26,'1257',1551165859,0.937500
'7c6db1','QFA632',144.6258,-37.5636,2750.82,150.27,FALSE,358.43,15.61,'1257',1551165876,1.000000
'7c62ab','RXA3684',144.8169,-37.6603,167.64,73.23,FALSE,274.03,8.13,'7225',1551165747,0.000000
'7c62ab','RXA3684',144.8067,-37.6596,312.42,73.87,FALSE,275.19,13.66,'7225',1551165759,0.050000
'7c62ab','RXA3684',144.7977,-37.6589,426.72,75.11,FALSE,276.69,11.05,'7225',1551165769,0.100000
'7c62ab','RXA3684',144.7824,-37.6522,624.84,80.5,FALSE,305.11,9.1,'7225',1551165789,0.150000
'7c62ab','RXA3684',144.7749,-37.6479,716.28,80.38,FALSE,305.62,9.75,'7225',1551165799,0.200000
'7c62ab','RXA3684',144.768,-37.644,800.1,80.38,FALSE,305.62,8.45,'7225',1551165809,0.250000
'7c62ab','RXA3684',144.76,-37.6395,883.92,80.92,FALSE,304.9,8.13,'7225',1551165819,0.300000
'7c62ab','RXA3684',144.7528,-37.6355,960.12,80.79,FALSE,305.41,7.48,'7225',1551165829,0.350000
'7c62ab','RXA3684',144.7454,-37.6311,1043.94,81.28,FALSE,306.51,9.1,'7225',1551165839,0.400000
'7c62ab','RXA3684',144.7386,-37.6271,1135.38,79.02,FALSE,306.8,12.35,'7225',1551165848,0.450000
'7c62ab','RXA3684',144.7313,-37.6227,1249.68,75.63,FALSE,307.26,8.45,'7225',1551165859,0.500000
'7c62ab','RXA3684',144.7177,-37.6143,1371.6,79.86,FALSE,308.2,6.83,'7225',1551165879,0.550000
'7c62ab','RXA3684',144.7115,-37.6084,1440.18,81.28,FALSE,323.49,8.13,'7225',1551165889,0.600000
'7c62ab','RXA3684',144.7064,-37.6026,1516.38,81.34,FALSE,325.3,8.13,'7225',1551165899,0.650000
'7c62ab','RXA3684',144.701,-37.5965,1584.96,81.34,FALSE,325.3,7.15,'7225',1551165909,0.700000
'7c62ab','RXA3684',144.696,-37.5905,1661.16,81.61,FALSE,326.31,7.8,'7225',1551165919,0.750000
'7c62ab','RXA3684',144.691,-37.5845,1737.36,81.48,FALSE,327.11,8.13,'7225',1551165929,0.800000
'7c62ab','RXA3684',144.6856,-37.5776,1821.18,81.09,FALSE,328.23,8.45,'7225',1551165940,0.850000
'7c62ab','RXA3684',144.6811,-37.5717,1882.14,82.58,FALSE,329.28,5.2,'7225',1551165949,0.900000
'7c62ab','RXA3684',144.6715,-37.558,1965.96,90.19,FALSE,333.58,5.2,'7225',1551165969,0.950000
'7c62ab','RXA3684',144.6677,-37.5515,2019.3,90.73,FALSE,335.91,7.48,'7225',1551165978,1.000000
'7c6b19','JST742',145.1026,-37.7118,3055.62,142.19,FALSE,332.88,-6.83,'3662',1551165819,0.000000
'7c6b19','JST742',145.0954,-37.7001,3009.9,141.51,FALSE,334.37,-4.88,'3662',1551165829,0.040000
'7c6b19','JST742',145.0887,-37.6886,2956.56,139.73,FALSE,335.42,-5.2,'3662',1551165839,0.080000
'7c6b19','JST742',145.0822,-37.6772,2895.6,139.31,FALSE,335.8,-6.5,'3662',1551165849,0.120000
'7c6b19','JST742',145.0756,-37.6655,2827.02,138.42,FALSE,336.1,-6.5,'3662',1551165859,0.160000
'7c6b19','JST742',145.0637,-37.6441,2712.72,137.48,FALSE,335.93,-6.5,'3662',1551165878,0.200000
'7c6b19','JST742',145.0563,-37.6311,2644.14,136.5,FALSE,335.27,-5.85,'3662',1551165890,0.240000
'7c6b19','JST742',145.0493,-37.6191,2583.18,134.88,FALSE,335.19,-5.85,'3662',1551165900,0.280000
'7c6b19','JST742',145.0442,-37.6103,2537.46,134.42,FALSE,335.1,-6.5,'3662',1551165909,0.320000
'7c6b19','JST742',145.0371,-37.5981,2461.26,133.95,FALSE,335.01,-7.48,'3662',1551165919,0.360000
'7c6b19','JST742',145.0313,-37.5882,2392.68,133.95,FALSE,335.01,-7.48,'3662',1551165929,0.400000
'7c6b19','JST742',145.0244,-37.5765,2301.24,132.8,FALSE,335.02,-9.43,'3662',1551165940,0.440000
'7c6b19','JST742',145.0183,-37.5661,2217.42,131.87,FALSE,334.83,-9.1,'3662',1551165949,0.480000
'7c6b19','JST742',144.8166,-37.5551,640.08,73.19,FALSE,172.33,-3.25,'3662',1551166289,0.520000
'7c6b19','JST742',144.8189,-37.5675,563.88,66.65,FALSE,171.12,-4.88,'3662',1551166308,0.560000
'7c6b19','JST742',144.82,-37.5731,525.78,65.04,FALSE,171.36,-3.58,'3662',1551166318,0.600000
'7c6b19','JST742',144.8213,-37.5797,495.3,64.97,FALSE,171.81,-3.25,'3662',1551166329,0.640000
'7c6b19','JST742',144.8222,-37.585,464.82,64.97,FALSE,171.81,-3.25,'3662',1551166339,0.680000
'7c6b19','JST742',144.8234,-37.5911,434.34,65.04,FALSE,171.36,-3.9,'3662',1551166349,0.720000
'7c6b19','JST742',144.8243,-37.5964,396.24,64.97,FALSE,171.81,-4.23,'3662',1551166359,0.760000
'7c6b19','JST742',144.8254,-37.6024,365.76,63.95,FALSE,171.67,-3.25,'3662',1551166369,0.800000
'7c6b19','JST742',144.8259,-37.6049,342.9,64.46,FALSE,171.74,-3.25,'3662',1551166373,0.840000
'7c6b19','JST742',144.8275,-37.6131,198.12,65.12,FALSE,170.91,-4.23,'3662',1551166388,0.880000
'7c6b19','JST742',144.8317,-37.6358,167.64,62.35,FALSE,171.94,-2.28,'3662',1551166427,0.920000
'7c6b19','JST742',144.8323,-37.6392,144.78,62.86,FALSE,172,-3.58,'3662',1551166434,0.960000
'7c6b19','JST742',144.8329,-37.6428,83.82,62.86,FALSE,172,-3.58,'3662',1551166440,1.000000
'7c7a48','VOZ866',144.8165,-37.5536,655.32,83.16,FALSE,171.82,-5.2,'3724',1551165859,0.000000
'7c7a48','VOZ866',144.819,-37.5672,571.5,76.47,FALSE,171.49,-3.58,'3724',1551165878,0.083333
'7c7a48','VOZ866',144.8202,-37.5739,525.78,72.1,FALSE,172.62,-4.55,'3724',1551165889,0.166667
'7c7a48','VOZ866',144.8213,-37.5805,480.06,71.81,FALSE,171.35,-3.9,'3724',1551165899,0.250000
'7c7a48','VOZ866',144.8227,-37.587,449.58,73.07,FALSE,170.27,-3.58,'3724',1551165909,0.333333
'7c7a48','VOZ866',144.8239,-37.5935,411.48,71.66,FALSE,172.16,-3.9,'3724',1551165919,0.416667
'7c7a48','VOZ866',144.8249,-37.5996,373.38,72.24,FALSE,171.81,-4.23,'3724',1551165929,0.500000
'7c7a48','VOZ866',144.8261,-37.6052,335.28,71.38,FALSE,170.88,-4.23,'3724',1551165938,0.583333
'7c7a48','VOZ866',144.8274,-37.6127,297.18,72.68,FALSE,172.27,-3.58,'3724',1551165949,0.666667
'7c7a48','VOZ866',144.8296,-37.6244,228.6,71.23,FALSE,171.69,-3.58,'3724',1551165967,0.750000
'7c7a48','VOZ866',144.8308,-37.6309,190.5,71.23,FALSE,171.69,-3.9,'3724',1551165978,0.833333
'7c7a48','VOZ866',144.8322,-37.6382,152.4,71.38,FALSE,170.88,-3.58,'3724',1551165989,0.916667
'7c7a48','VOZ866',144.8332,-37.6438,99.06,70.64,FALSE,172.05,-3.58,'3724',1551165998,1.000000
'75841b','',144.8201,-37.6604,144.78,82.16,FALSE,275.39,13,'1562',1551165929,0.000000
'75841b','CEB050',144.8168,-37.6602,274.32,79.98,FALSE,274.43,14.96,'1562',1551165932,0.055556
'75841b','CEB050',144.8018,-37.6593,426.72,78.88,FALSE,273.74,12.68,'1562',1551165949,0.111111
'75841b','CEB050',144.784,-37.6586,533.4,82.88,FALSE,272.13,2.28,'1562',1551165969,0.166667
'75841b','CEB050',144.7741,-37.6581,571.5,87.64,FALSE,273.7,3.58,'1562',1551165979,0.222222
'75841b','CEB050',144.7635,-37.6575,586.74,94.38,FALSE,274.06,0.98,'1562',1551165989,0.277778
'75841b','CEB050',144.7523,-37.6569,617.22,100.03,FALSE,273.83,3.25,'1562',1551165999,0.333333
'75841b','CEB050',144.7403,-37.6563,655.32,106.7,FALSE,273.59,3.25,'1562',1551166009,0.388889
'75841b','CEB050',144.7282,-37.6556,685.8,113.99,FALSE,274.14,4.55,'1562',1551166019,0.444444
'75841b','CEB050',144.7134,-37.6547,739.14,121.8,FALSE,274.6,5.53,'1562',1551166029,0.500000
'75841b','CEB050',144.6861,-37.6529,929.64,127.48,FALSE,274.63,13.98,'1562',1551166049,0.555556
'75841b','CEB050',144.6714,-37.6514,1074.42,128.15,FALSE,280.41,13.66,'7734',1551166059,0.611111
'75841b','CEB050',144.6571,-37.6468,1181.1,131.85,FALSE,297.66,11.38,'1562',1551166069,0.666667
'75841b','CEB050',144.6452,-37.6409,1280.16,133.99,FALSE,302.77,12.03,'1562',1551166079,0.722222
'75841b','CEB050',144.6314,-37.6337,1409.7,136.55,FALSE,303.63,11.05,'1562',1551166090,0.777778
'75841b','CEB050',144.6191,-37.6272,1501.14,138.83,FALSE,303.51,10.4,'1562',1551166099,0.833333
'75841b','CEB050',144.6052,-37.6199,1615.44,141.26,FALSE,303.11,13,'1562',1551166110,0.888889
'75841b','CEB050',144.5922,-37.6131,1760.22,140.68,FALSE,303.52,15.93,'1562',1551166119,0.944444
'75841b','CEB050',144.5799,-37.6064,1927.86,137.99,FALSE,304.52,18.53,'1562',1551166128,1.000000
'7c6d99','QFA625',144.8164,-37.5536,647.7,84.83,FALSE,171.28,-4.88,'1113',1551166019,0.000000
'7c6d99','QFA625',144.8178,-37.5615,594.36,82.21,FALSE,171.36,-5.2,'1113',1551166029,0.083333
'7c6d99','QFA625',144.8203,-37.5747,518.16,75.88,FALSE,171.81,-3.9,'1113',1551166048,0.166667
'7c6d99','QFA625',144.8216,-37.5821,480.06,76.39,FALSE,171.87,-3.9,'1113',1551166059,0.250000
'7c6d99','QFA625',144.8229,-37.589,434.34,74.43,FALSE,171.25,-3.9,'1113',1551166069,0.333333
'7c6d99','QFA625',144.8241,-37.5952,396.24,73.34,FALSE,171.53,-3.9,'1113',1551166079,0.416667
'7c6d99','QFA625',144.8254,-37.6021,358.14,72.32,FALSE,171.41,-3.25,'1113',1551166090,0.500000
'7c6d99','QFA625',144.8263,-37.6067,327.66,72.83,FALSE,171.47,-4.55,'1113',1551166096,0.583333
'7c6d99','QFA625',144.8276,-37.6142,281.94,72.83,FALSE,171.47,-3.58,'1113',1551166108,0.666667
'7c6d99','QFA625',144.8283,-37.6181,266.7,72.32,FALSE,171.41,-3.25,'1113',1551166114,0.750000
'7c6d99','QFA625',144.83,-37.6268,213.36,72.83,FALSE,171.47,-4.23,'1113',1551166128,0.833333
'7c6d99','QFA625',144.8325,-37.6399,137.16,70.79,FALSE,171.22,-3.58,'1113',1551166148,0.916667
'7c6d99','QFA625',144.8331,-37.6436,100.14,71.23,FALSE,171.69,-3.58,'1113',1551166154,1.000000
'7c6d7e','JST530',144.8186,-37.6604,198.12,82.67,FALSE,275.36,14.63,'3732',1551166090,0.000000
'7c6d7e','JST530',144.8093,-37.6596,342.9,81.75,FALSE,276.14,14.63,'3732',1551166099,0.055556
'7c6d7e','JST530',144.8003,-37.659,449.58,83.61,FALSE,274.59,7.48,'3732',1551166109,0.111111
'7c6d7e','JST530',144.7907,-37.6584,518.16,88.7,FALSE,273.99,7.15,'3732',1551166119,0.166667
'7c6d7e','JST530',144.7808,-37.6579,563.88,95.89,FALSE,273.69,5.53,'3732',1551166128,0.222222
'7c6d7e','JST530',144.7564,-37.6566,708.66,109.81,FALSE,273.76,5.53,'3732',1551166149,0.277778
'7c6d7e','JST530',144.7453,-37.6561,754.38,115.53,FALSE,274.09,5.2,'3732',1551166158,0.333333
'7c6d7e','JST530',144.7305,-37.6552,815.34,123.34,FALSE,274.55,7.15,'3732',1551166169,0.388889
'7c6d7e','JST530',144.7154,-37.6542,914.4,129.58,FALSE,274.78,9.75,'3732',1551166179,0.444444
'7c6d7e','JST530',144.7013,-37.6532,1028.7,133.25,FALSE,275.09,13.98,'3732',1551166189,0.500000
'7c6d7e','JST530',144.6855,-37.6519,1181.1,134.45,FALSE,277.7,16.58,'3732',1551166199,0.555556
'7c6d7e','JST530',144.6719,-37.6485,1341.12,135.78,FALSE,295.11,17.23,'3732',1551166209,0.611111
'7c6d7e','JST530',144.658,-37.6409,1501.14,138.46,FALSE,311.69,14.31,'3732',1551166219,0.666667
'7c6d7e','JST530',144.6434,-37.6199,1775.46,143.5,FALSE,342.47,16.91,'3732',1551166238,0.722222
'7c6d7e','JST530',144.6387,-37.6067,1958.34,143.03,FALSE,344.56,17.56,'3732',1551166249,0.777778
'7c6d7e','JST530',144.6342,-37.5937,2125.98,142.67,FALSE,344.31,16.91,'3732',1551166259,0.833333
'7c6d7e','JST530',144.6302,-37.5826,2263.14,143.45,FALSE,343.97,14.63,'3732',1551166268,0.888889
'7c6d7e','JST530',144.6257,-37.5695,2392.68,146.14,FALSE,347.19,12.68,'3732',1551166279,0.944444
'7c6d7e','JST530',144.6243,-37.5565,2522.22,149.25,FALSE,1.58,13.98,'3732',1551166289,1.000000
'7c5304','QLK85D',144.8165,-37.5536,662.94,92.03,FALSE,171.64,-5.2,'4207',1551166129,0.000000
'7c5304','QLK85D',144.8196,-37.5703,563.88,91.38,FALSE,172.23,-4.88,'4207',1551166149,0.071429
'7c5304','QLK85D',144.821,-37.5781,510.54,86.29,FALSE,171.77,-8.13,'4207',1551166159,0.142857
'7c5304','QLK85D',144.8223,-37.5853,457.2,80.47,FALSE,172.28,-3.25,'4207',1551166169,0.214286
'7c5304','QLK85D',144.8236,-37.5928,426.72,74,FALSE,170.8,-1.63,'4207',1551166179,0.285714
'7c5304','QLK85D',144.8246,-37.5977,388.62,70.29,FALSE,171.16,-4.23,'4207',1551166187,0.357143
'7c5304','QLK85D',144.8258,-37.604,358.14,64.46,FALSE,171.74,-3.58,'4207',1551166198,0.428571
'7c5304','QLK85D',144.8269,-37.6098,320.04,61.84,FALSE,171.87,-4.23,'4207',1551166208,0.500000
'7c5304','QLK85D',144.828,-37.6158,289.56,61.41,FALSE,171.33,-3.58,'4207',1551166219,0.571429
'7c5304','QLK85D',144.8294,-37.6231,228.6,60.24,FALSE,172.15,-3.9,'4207',1551166232,0.642857
'7c5304','QLK85D',144.8308,-37.6307,205.74,59.22,FALSE,172.01,-3.58,'4207',1551166246,0.714286
'7c5304','QLK85D',144.832,-37.6375,160.02,58.2,FALSE,171.87,-3.58,'4207',1551166259,0.785714
'7c5304','QLK85D',144.8329,-37.6421,129.54,57.69,FALSE,171.8,-2.93,'4207',1551166268,0.857143
'7c5304','QLK85D',144.8332,-37.6436,106.68,56.68,FALSE,171.65,-2.28,'4207',1551166271,0.928571
'7c5304','QLK85D',144.8344,-37.6502,91.44,56.17,FALSE,171.57,-1.95,'4207',1551166284,1.000000
'7c7803','QFA474',144.8168,-37.6602,205.74,81.24,FALSE,276.18,13.33,'4304',1551166156,0.000000
'7c7803','QFA474',144.8048,-37.6593,358.14,84.16,FALSE,274.91,12.35,'4304',1551166168,0.058824
'7c7803','QFA474',144.7948,-37.6587,457.2,88.74,FALSE,274.32,10.08,'4304',1551166179,0.117647
'7c7803','QFA474',144.7839,-37.6581,518.16,98.52,FALSE,274.19,7.15,'4304',1551166189,0.176471
'7c7803','QFA474',144.7717,-37.6574,632.46,104.24,FALSE,274.53,13.66,'4304',1551166199,0.235294
'7c7803','QFA474',144.7604,-37.6566,739.14,109.41,FALSE,274.58,10.4,'4304',1551166209,0.294118
'7c7803','QFA474',144.7466,-37.6557,822.96,119.2,FALSE,274.46,7.15,'4304',1551166219,0.352941
'7c7803','QFA474',144.7189,-37.6541,1021.08,132.65,FALSE,274.67,14.63,'4304',1551166238,0.411765
'7c7803','QFA474',144.7033,-37.6533,1219.2,132.47,FALSE,273.56,20.16,'4304',1551166249,0.470588
'7c7803','QFA474',144.6882,-37.6523,1394.46,133.51,FALSE,276.19,19.18,'4304',1551166259,0.529412
'7c7803','QFA474',144.6731,-37.6485,1577.34,136.65,FALSE,293.28,17.23,'4304',1551166269,0.588235
'7c7803','QFA474',144.6608,-37.6418,1760.22,138.08,FALSE,311.83,21.46,'4304',1551166279,0.647059
'7c7803','QFA474',144.6508,-37.632,1958.34,139.16,FALSE,324.78,19.18,'4304',1551166289,0.705882
'7c7803','QFA474',144.6397,-37.6081,2331.72,141.97,FALSE,343.8,18.86,'4304',1551166309,0.764706
'7c7803','QFA474',144.6351,-37.5963,2491.74,143.2,FALSE,342.87,17.56,'4304',1551166319,0.823529
'7c7803','QFA474',144.6299,-37.5829,2674.62,144.33,FALSE,342.79,16.58,'4304',1551166329,0.882353
'7c7803','QFA474',144.6258,-37.5715,2804.16,147.61,FALSE,345.67,13,'4304',1551166338,0.941176
'7c7803','QFA474',144.6241,-37.5599,2910.84,152.8,FALSE,0.77,11.38,'4304',1551166347,1.000000
'7c6dd5','QFA697',144.8197,-37.6605,152.4,83.18,FALSE,275.32,14.31,'3754',1551166238,0.000000
'7c6dd5','QFA697',144.8095,-37.6597,297.18,83.14,FALSE,274.97,13.33,'3754',1551166249,0.066667
'7c6dd5','QFA697',144.7995,-37.659,419.1,85.7,FALSE,274.82,11.7,'3754',1551166260,0.133333
'7c6dd5','QFA697',144.7893,-37.6584,495.3,92.33,FALSE,274.15,7.15,'3754',1551166269,0.200000
'7c6dd5','QFA697',144.7778,-37.6577,556.26,102.66,FALSE,274.31,7.48,'3754',1551166280,0.266667
'7c6dd5','QFA697',144.7663,-37.6571,609.6,113.95,FALSE,273.88,7.15,'3754',1551166289,0.333333
'7c6dd5','QFA697',144.738,-37.6554,777.24,131.07,FALSE,274.5,9.1,'3754',1551166309,0.400000
'7c6dd5','QFA697',144.7233,-37.6544,922.02,134.7,FALSE,274.6,13.98,'3754',1551166319,0.466667
'7c6dd5','QFA697',144.7083,-37.6535,1104.9,135.73,FALSE,274.57,21.78,'3754',1551166329,0.533333
'7c6dd5','QFA697',144.6923,-37.6525,1295.4,136.72,FALSE,274.32,16.26,'3754',1551166339,0.600000
'7c6dd5','QFA697',144.677,-37.6515,1386.84,144.2,FALSE,275.53,6.83,'3754',1551166349,0.666667
'7c6dd5','QFA697',144.6596,-37.6494,1440.18,154.47,FALSE,280.75,5.85,'3754',1551166359,0.733333
'7c6dd5','QFA697',144.641,-37.6454,1554.48,160.94,FALSE,287.1,14.31,'3754',1551166369,0.800000
'7c6dd5','QFA697',144.6243,-37.6404,1714.5,162.88,FALSE,292.27,19.83,'3754',1551166379,0.866667
'7c6dd5','QFA697',144.5921,-37.6299,2141.22,159.06,FALSE,291.84,21.13,'3754',1551166398,0.933333
'7c6dd5','QFA697',144.5734,-37.6241,2346.96,159.64,FALSE,291.36,17.88,'3754',1551166410,1.000000
'89505d','',144.8209,-37.6606,121.92,82.63,FALSE,275,9.75,None,1551166369,0.000000
'89505d','RBA006',144.8171,-37.6604,220.98,83.29,FALSE,276.03,10.08,None,1551166374,0.055556
'89505d','RBA006',144.7935,-37.6584,457.2,85.15,FALSE,274.5,12.03,'1401',1551166398,0.111111
'89505d','RBA006',144.7829,-37.6578,586.74,85.11,FALSE,274.16,12.03,'1401',1551166409,0.166667
'89505d','RBA006',144.7733,-37.6573,693.42,86.07,FALSE,273.43,11.05,'1401',1551166419,0.222222
'89505d','RBA006',144.7632,-37.6568,784.86,90.21,FALSE,273.6,4.55,'1401',1551166429,0.277778
'89505d','RBA006',144.7533,-37.6563,830.58,97.97,FALSE,273.91,3.9,'1401',1551166439,0.333333
'89505d','RBA006',144.7412,-37.6557,868.68,107.21,FALSE,273.58,5.2,'1401',1551166449,0.388889
'89505d','RBA006',144.7285,-37.655,929.64,115.53,FALSE,274.09,6.83,'1401',1551166459,0.444444
'89505d','RBA006',144.7146,-37.6542,1013.46,121.76,FALSE,274.36,9.1,'1401',1551166469,0.500000
'89505d','RBA006',144.6874,-37.6527,1196.34,132.54,FALSE,274.01,12.03,'1401',1551166488,0.555556
'89505d','RBA006',144.6708,-37.651,1341.12,135.89,FALSE,283.35,13,'1401',1551166499,0.611111
'89505d','RBA006',144.6569,-37.6463,1409.7,143.46,FALSE,298.95,6.83,'1401',1551166509,0.666667
'89505d','RBA006',144.6447,-37.6379,1478.28,151.54,FALSE,318.03,6.83,'1401',1551166518,0.722222
'89505d','RBA006',144.6343,-37.6257,1546.86,158.74,FALSE,328.11,7.15,'1401',1551166529,0.777778
'89505d','RBA006',144.6239,-37.6124,1623.06,165.01,FALSE,327.99,7.48,'1401',1551166539,0.833333
'89505d','RBA006',144.6144,-37.6004,1684.02,171.56,FALSE,327.74,7.8,'1401',1551166549,0.888889
'89505d','RBA006',144.6035,-37.5867,1760.22,176.84,FALSE,327.84,8.13,'1401',1551166559,0.944444
'89505d','RBA006',144.5815,-37.559,1988.82,182.68,FALSE,327.65,15.28,'1401',1551166579,1.000000
'7c1467','QFA453',144.8156,-37.5498,662.94,83.09,FALSE,172.17,-3.9,'3674',1551166428,0.000000
'7c1467','QFA453',144.817,-37.557,632.46,78.58,FALSE,171.34,-2.93,'3674',1551166439,0.076923
'7c1467','QFA453',144.8184,-37.5646,594.36,74.94,FALSE,171.31,-3.58,'3674',1551166450,0.153846
'7c1467','QFA453',144.8195,-37.5705,556.26,72.24,FALSE,171.81,-4.88,'3674',1551166458,0.230769
'7c1467','QFA453',144.8208,-37.5775,510.54,69.19,FALSE,171.45,-2.28,'3674',1551166470,0.307692
'7c1467','QFA453',144.8228,-37.5886,441.96,64.39,FALSE,172.19,-3.25,'3674',1551166488,0.384615
'7c1467','QFA453',144.824,-37.5948,411.48,64.46,FALSE,171.74,-3.9,'3674',1551166499,0.461538
'7c1467','QFA453',144.8251,-37.6004,373.38,64.03,FALSE,171.22,-3.9,'3674',1551166509,0.538462
'7c1467','QFA453',144.8261,-37.6057,342.9,63.95,FALSE,171.67,-2.93,'3674',1551166518,0.615385
'7c1467','QFA453',144.8271,-37.6109,312.42,65.48,FALSE,171.87,-3.9,'3674',1551166527,0.692308
'7c1467','QFA453',144.8279,-37.6152,236.22,63.44,FALSE,171.61,-2.6,'3674',1551166534,0.769231
'7c1467','QFA453',144.8298,-37.6258,220.98,63.44,FALSE,171.61,-2.6,'3674',1551166553,0.846154
'7c1467','QFA453',144.8326,-37.6405,137.16,62.42,FALSE,171.47,-3.25,'3674',1551166579,0.923077
'7c1467','QFA453',144.8328,-37.6416,129.54,63.95,FALSE,171.67,-3.25,'3674',1551166581,1.000000
'7c6d92','QFA460',144.8172,-37.6603,160.02,84.72,FALSE,275.23,14.63,'7206',1551166539,0.000000
'7c6d92','QFA460',144.8082,-37.6596,281.94,85.28,FALSE,275.54,10.4,'7206',1551166549,0.058824
'7c6d92','QFA460',144.7978,-37.6589,403.86,87.75,FALSE,274.71,12.35,'7206',1551166559,0.117647
'7c6d92','QFA460',144.7766,-37.6577,563.88,100.61,FALSE,274.4,7.15,'7206',1551166579,0.176471
'7c6d92','QFA460',144.7649,-37.6571,617.22,109.81,FALSE,273.76,5.53,'7206',1551166589,0.235294
'7c6d92','QFA460',144.7512,-37.6563,670.56,120.7,FALSE,274.16,7.8,'7206',1551166599,0.294118
'7c6d92','QFA460',144.7374,-37.6555,777.24,125.95,FALSE,274.69,11.05,'7206',1551166609,0.352941
'7c6d92','QFA460',144.7216,-37.6544,876.3,133.17,FALSE,274.65,9.1,'7206',1551166619,0.411765
'7c6d92','QFA460',144.7075,-37.6535,1021.08,135.26,FALSE,274.8,17.88,'7206',1551166629,0.470588
'7c6d92','QFA460',144.6927,-37.6526,1196.34,134.75,FALSE,274.82,20.16,'7206',1551166639,0.529412
'7c6d92','QFA460',144.677,-37.6499,1402.08,135.86,FALSE,287.41,19.18,'7206',1551166649,0.588235
'7c6d92','QFA460',144.6531,-37.6349,1714.5,140.37,FALSE,322,18.21,'7206',1551166669,0.647059
'7c6d92','QFA460',144.6458,-37.6233,1889.76,142.15,FALSE,337.89,18.21,'7206',1551166679,0.705882
'7c6d92','QFA460',144.6416,-37.6118,2057.4,143.31,FALSE,344.17,17.88,'7206',1551166688,0.764706
'7c6d92','QFA460',144.6368,-37.5991,2225.04,143.2,FALSE,342.87,16.58,'7206',1551166699,0.823529
'7c6d92','QFA460',144.6313,-37.585,2400.3,144.33,FALSE,342.79,15.61,'7206',1551166710,0.882353
'7c6d92','QFA460',144.6271,-37.574,2537.46,145.51,FALSE,343.36,16.26,'7206',1551166719,0.941176
'7c6d92','QFA460',144.6244,-37.5591,2697.48,147.8,FALSE,357.41,14.96,'7206',1551166730,1.000000
'7c81dc','RXA3286',144.8201,-37.6605,121.92,71.77,FALSE,274.93,7.48,'3262',1551166599,0.000000
'7c81dc','RXA3286',144.8165,-37.6603,205.74,73.31,FALSE,274.83,8.45,'3262',1551166604,0.050000
'7c81dc','RXA3286',144.803,-37.6589,304.8,77.56,FALSE,278.78,10.4,'3262',1551166620,0.100000
'7c81dc','RXA3286',144.7938,-37.6575,426.72,78.15,FALSE,286.05,12.68,'3262',1551166630,0.150000
'7c81dc','RXA3286',144.787,-37.6544,518.16,80.05,FALSE,304,10.4,'3262',1551166639,0.200000
'7c81dc','RXA3286',144.7787,-37.6497,632.46,79.54,FALSE,306.05,9.1,'3262',1551166650,0.250000
'7c81dc','RXA3286',144.7648,-37.6417,807.72,79.78,FALSE,305.02,8.78,'3262',1551166669,0.300000
'7c81dc','RXA3286',144.7577,-37.6378,883.92,81.9,FALSE,303.99,7.48,'3262',1551166679,0.350000
'7c81dc','RXA3286',144.7486,-37.6328,982.98,82.06,FALSE,304.79,9.1,'3262',1551166690,0.400000
'7c81dc','RXA3286',144.7417,-37.6289,1066.8,82.11,FALSE,306.08,9.43,'3262',1551166700,0.450000
'7c81dc','RXA3286',144.7341,-37.6245,1165.86,80.87,FALSE,306.72,9.43,'3262',1551166710,0.500000
'7c81dc','RXA3286',144.7274,-37.6205,1249.68,80.87,FALSE,306.72,8.45,'3262',1551166719,0.550000
'7c81dc','RXA3286',144.7194,-37.6157,1341.12,80.87,FALSE,306.72,8.13,'3262',1551166730,0.600000
'7c81dc','RXA3286',144.7131,-37.612,1402.08,81.8,FALSE,307.59,7.15,'3262',1551166738,0.650000
'7c81dc','RXA3286',144.7054,-37.5982,1554.48,85.63,FALSE,352.41,7.48,'3262',1551166759,0.700000
'7c81dc','RXA3286',144.7042,-37.5902,1638.3,86.87,FALSE,354.22,7.48,'3262',1551166769,0.750000
'7c81dc','RXA3286',144.7034,-37.5821,1706.88,87.67,FALSE,355.96,7.8,'3262',1551166780,0.800000
'7c81dc','RXA3286',144.7027,-37.5744,1775.46,87.64,FALSE,356.3,7.48,'3262',1551166789,0.850000
'7c81dc','RXA3286',144.7022,-37.5665,1851.66,88.07,FALSE,357.32,8.13,'3262',1551166800,0.900000
'7c81dc','RXA3286',144.7018,-37.5593,1920.24,88.02,FALSE,357.99,7.8,'3262',1551166809,0.950000
'7c81dc','RXA3286',144.7015,-37.5504,2004.06,88.52,FALSE,358.33,7.15,'3262',1551166820,1.000000
'7c7cc2','',144.9115,-37.7319,205.74,38.89,FALSE,127.48,5.2,None,1551166609,0.000000
'7c7cc2','HM1',144.9152,-37.734,259.08,39.38,FALSE,123.27,5.53,None,1551166619,0.055556
'7c7cc2','HM1',144.919,-37.736,312.42,41.81,FALSE,124.47,4.88,None,1551166629,0.111111
'7c7cc2','HM1',144.9233,-37.7382,358.14,47.12,FALSE,121.61,4.88,'0041',1551166639,0.166667
'7c7cc2','HM1',144.9278,-37.7403,381,52.32,FALSE,120.09,0.65,'0041',1551166648,0.222222
'7c7cc2','HM1',144.9393,-37.7458,388.62,62.21,FALSE,119.74,-0.33,'0041',1551166669,0.277778
'7c7cc2','HM1',144.9458,-37.7487,388.62,65.29,FALSE,120.81,-0.65,'0041',1551166679,0.333333
'7c7cc2','HM1',144.9522,-37.7518,396.24,66.7,FALSE,121.12,0.33,'0041',1551166689,0.388889
'7c7cc2','HM1',144.9587,-37.7547,396.24,66.26,FALSE,121.35,-0.33,'0041',1551166699,0.444444
'7c7cc2','HM1',144.965,-37.7579,396.24,66.26,FALSE,121.35,-0.98,'0041',1551166709,0.500000
'7c7cc2','HM1',144.9716,-37.761,388.62,66.53,FALSE,121.72,0.98,'0041',1551166719,0.555556
'7c7cc2','HM1',144.9782,-37.7642,388.62,67.32,FALSE,120.29,-0.33,'0041',1551166729,0.611111
'7c7cc2','HM1',144.9846,-37.7672,388.62,66.97,FALSE,121.49,0.65,'0041',1551166739,0.666667
'7c7cc2','HM1',144.9971,-37.7732,388.62,65.47,FALSE,120.19,-0.33,'0041',1551166758,0.722222
'7c7cc2','HM1',145.0039,-37.7762,388.62,64.85,FALSE,121.04,0.65,'0041',1551166769,0.777778
'7c7cc2','HM1',145.0101,-37.7794,388.62,64.79,FALSE,122.68,0,'0041',1551166779,0.833333
'7c7cc2','HM1',145.0167,-37.7825,388.62,65.21,FALSE,119.8,-0.33,'0041',1551166789,0.888889
'7c7cc2','HM1',145.0229,-37.7854,396.24,65.11,FALSE,121.43,0.33,'0041',1551166799,0.944444
'7c7cc2','HM1',145.0288,-37.7882,388.62,65.21,FALSE,119.8,-0.33,'0041',1551166808,1.000000
'7c6d81','JST439',144.8168,-37.5554,647.7,76.47,FALSE,171.49,-3.9,'1123',1551166619,0.000000
'7c6d81','JST439',144.8178,-37.5613,609.6,74.43,FALSE,171.25,-3.25,'1123',1551166628,0.111111
'7c6d81','JST439',144.8191,-37.5686,563.88,75.45,FALSE,171.37,-4.55,'1123',1551166639,0.222222
'7c6d81','JST439',144.8205,-37.5753,518.16,72.75,FALSE,171.87,-4.88,'1123',1551166649,0.333333
'7c6d81','JST439',144.8227,-37.5878,449.58,69.12,FALSE,171.87,-3.58,'1123',1551166669,0.444444
'7c6d81','JST439',144.8238,-37.594,411.48,69.19,FALSE,171.45,-3.9,'1123',1551166679,0.555556
'7c6d81','JST439',144.825,-37.6001,373.38,69.63,FALSE,171.93,-3.25,'1123',1551166688,0.666667
'7c6d81','JST439',144.8259,-37.6047,342.9,69.86,FALSE,170.68,-3.9,'1123',1551166696,0.777778
'7c6d81','JST439',144.8274,-37.6127,198.12,68.61,FALSE,171.81,-2.93,'1123',1551166709,0.888889
'7c6d81','JST439',144.8325,-37.6404,121.92,67.59,FALSE,171.68,-3.58,'1123',1551166755,1.000000
'7c6d25','VOZ686',144.5865,-37.7677,4351.02,169.83,FALSE,80.94,-8.13,'3654',1551166719,0.000000
'7c6d25','VOZ686',144.6058,-37.7653,4274.82,169.49,FALSE,80.57,-7.8,'3654',1551166729,0.025000
'7c6d25','VOZ686',144.624,-37.7629,4198.62,168.98,FALSE,80.54,-7.8,'3654',1551166739,0.050000
'7c6d25','VOZ686',144.6626,-37.7577,4038.6,167.96,FALSE,80.48,-8.13,'3654',1551166759,0.075000
'7c6d25','VOZ686',144.6816,-37.7552,3962.4,167.8,FALSE,80.83,-7.8,'3654',1551166769,0.100000
'7c6d25','VOZ686',144.7002,-37.7529,3886.2,167.21,FALSE,80.97,-7.8,'3654',1551166779,0.125000
'7c6d25','VOZ686',144.7196,-37.7504,3810,166.62,FALSE,81.12,-7.8,'3654',1551166789,0.150000
'7c6d25','VOZ686',144.7369,-37.7483,3741.42,166.11,FALSE,81.09,-7.8,'3654',1551166799,0.175000
'7c6d25','VOZ686',144.755,-37.746,3665.22,166.11,FALSE,81.09,-7.8,'3654',1551166809,0.200000
'7c6d25','VOZ686',144.7737,-37.7437,3589.02,165.68,FALSE,80.89,-7.8,'3654',1551166819,0.225000
'7c6d25','VOZ686',144.792,-37.7413,3520.44,164.83,FALSE,80.48,-6.83,'3654',1551166829,0.250000
'7c6d25','VOZ686',144.8294,-37.7365,3406.14,161.46,FALSE,81.02,-5.53,'3654',1551166849,0.275000
'7c6d25','VOZ686',144.8471,-37.7343,3352.8,159.27,FALSE,81.27,-5.53,'3654',1551166859,0.300000
'7c6d25','VOZ686',144.8642,-37.7322,3299.46,158.25,FALSE,81.21,-7.8,'3654',1551166868,0.325000
'7c6d25','VOZ686',144.8831,-37.7299,3192.78,159.85,FALSE,81.11,-10.4,'3654',1551166879,0.350000
'7c6d25','VOZ686',144.9008,-37.7277,3101.34,160.44,FALSE,80.96,-9.1,'3654',1551166889,0.375000
'7c6d25','VOZ686',144.9185,-37.7243,3017.52,161.49,FALSE,69.49,-8.78,'3654',1551166899,0.400000
'7c6d25','VOZ686',144.9343,-37.7173,2926.08,161.85,FALSE,52.62,-9.1,'3654',1551166909,0.425000
'7c6d25','VOZ686',144.9469,-37.7069,2834.64,160.94,FALSE,37.86,-8.45,'3654',1551166919,0.450000
'7c6d25','VOZ686',144.9595,-37.6799,2674.62,155.47,FALSE,5.13,-7.8,'3654',1551166939,0.475000
'7c6d25','VOZ686',144.9592,-37.6674,2613.66,153.29,FALSE,355.38,-7.15,'3654',1551166948,0.500000
'7c6d25','VOZ686',144.9579,-37.6514,2529.84,152.5,FALSE,356.91,-7.8,'3654',1551166960,0.525000
'7c6d25','VOZ686',144.9571,-37.6395,2461.26,151.96,FALSE,357.09,-7.48,'3654',1551166969,0.550000
'7c6d25','VOZ686',144.9562,-37.6248,2385.06,150.9,FALSE,357.26,-7.48,'3654',1551166980,0.575000
'7c6d25','VOZ686',144.9554,-37.6121,2316.48,150.39,FALSE,357.26,-7.15,'3654',1551166989,0.600000
'7c6d25','VOZ686',144.9546,-37.5994,2270.76,148.87,FALSE,357.03,-3.58,'3654',1551166999,0.625000
'7c6d25','VOZ686',144.9527,-37.5727,2217.42,141.23,FALSE,356.45,-2.28,'3654',1551167019,0.650000
'7c6d25','VOZ686',144.9518,-37.5607,2209.8,136.61,FALSE,356.33,-0.98,'3654',1551167029,0.675000
'7c6d25','VOZ686',144.8169,-37.556,640.08,75.37,FALSE,171.76,-4.23,'3654',1551167429,0.700000
'7c6d25','VOZ686',144.8183,-37.5632,601.98,75.02,FALSE,170.93,-4.23,'3654',1551167439,0.725000
'7c6d25','VOZ686',144.8194,-37.5694,563.88,75.45,FALSE,171.37,-3.58,'3654',1551167449,0.750000
'7c6d25','VOZ686',144.8219,-37.5828,487.68,74.86,FALSE,171.7,-3.58,'3654',1551167468,0.775000
'7c6d25','VOZ686',144.8232,-37.5897,449.58,74.43,FALSE,171.25,-5.53,'3654',1551167479,0.800000
'7c6d25','VOZ686',144.8245,-37.5961,403.86,74.86,FALSE,171.7,-4.55,'3654',1551167489,0.825000
'7c6d25','VOZ686',144.8256,-37.6031,365.76,75.81,FALSE,172.2,-3.9,'3654',1551167499,0.850000
'7c6d25','VOZ686',144.8267,-37.6089,335.28,75.96,FALSE,171.43,-3.9,'3654',1551167508,0.875000
'7c6d25','VOZ686',144.828,-37.616,289.56,74.43,FALSE,171.25,-4.55,'3654',1551167518,0.900000
'7c6d25','VOZ686',144.8283,-37.6174,236.22,74.35,FALSE,171.65,-5.2,'3654',1551167520,0.925000
'7c6d25','VOZ686',144.8298,-37.6259,228.6,73.85,FALSE,171.59,-3.25,'3654',1551167533,0.950000
'7c6d25','VOZ686',144.8329,-37.6427,121.92,73.77,FALSE,171.98,-4.23,'3654',1551167559,0.975000
'7c6d25','VOZ686',144.8331,-37.6433,99.06,73.19,FALSE,172.33,-3.58,'3654',1551167560,1.000000
'7c6d9c','QFA688',144.8174,-37.559,609.6,79.96,FALSE,172.23,-4.88,'4375',1551166730,0.000000
'7c6d9c','QFA688',144.8186,-37.5657,571.5,77.99,FALSE,171.66,-4.55,'4375',1551166740,0.083333
'7c6d9c','QFA688',144.8211,-37.5789,495.3,72.83,FALSE,171.47,-4.55,'4375',1551166759,0.166667
'7c6d9c','QFA688',144.8223,-37.5858,449.58,71.3,FALSE,171.29,-3.58,'4375',1551166770,0.250000
'7c6d9c','QFA688',144.8235,-37.592,411.48,70.72,FALSE,171.63,-3.58,'4375',1551166780,0.333333
'7c6d9c','QFA688',144.8246,-37.5977,381,70.79,FALSE,171.22,-3.58,'4375',1551166790,0.416667
'7c6d9c','QFA688',144.8258,-37.6038,342.9,70.72,FALSE,171.63,-4.23,'4375',1551166799,0.500000
'7c6d9c','QFA688',144.8267,-37.6094,312.42,70.06,FALSE,172.41,-3.25,'4375',1551166808,0.583333
'7c6d9c','QFA688',144.8281,-37.6166,274.32,69.19,FALSE,171.45,-3.25,'4375',1551166820,0.666667
'7c6d9c','QFA688',144.8283,-37.6178,266.7,69.19,FALSE,171.45,-2.93,'4375',1551166821,0.750000
'7c6d9c','QFA688',144.8315,-37.6348,167.64,70.21,FALSE,171.57,-3.58,'4375',1551166849,0.833333
'7c6d9c','QFA688',144.8327,-37.6414,129.54,69.19,FALSE,171.45,-4.55,'4375',1551166859,0.916667
'7c6d9c','QFA688',144.8338,-37.647,100.34,69.19,FALSE,171.45,-3.58,'4375',1551166868,1.000000
'7c7a3c','VOZ879',144.8236,-37.6608,106.68,83.1,FALSE,274.62,12.03,None,1551166849,0.000000
'7c7a3c','VOZ879',144.8178,-37.6604,182.88,84.16,FALSE,274.91,14.31,'3240',1551166855,0.055556
'7c7a3c','VOZ879',144.805,-37.6595,388.62,83.75,FALSE,275.64,15.28,'3240',1551166869,0.111111
'7c7a3c','VOZ879',144.7945,-37.6587,510.54,91.01,FALSE,275.84,10.08,'3240',1551166879,0.166667
'7c7a3c','VOZ879',144.7837,-37.6579,594.36,100.61,FALSE,274.4,10.73,'3240',1551166889,0.222222
'7c7a3c','VOZ879',144.7716,-37.6572,723.9,107.83,FALSE,274.38,15.28,'3240',1551166899,0.277778
'7c7a3c','VOZ879',144.7596,-37.6565,845.82,114.5,FALSE,274.12,13.33,'3240',1551166909,0.333333
'7c7a3c','VOZ879',144.7458,-37.6558,990.6,120.66,FALSE,273.91,17.88,'3240',1551166919,0.388889
'7c7a3c','VOZ879',144.7173,-37.6545,1363.98,126.73,FALSE,273.03,16.26,'3240',1551166940,0.444444
'7c7a3c','VOZ879',144.7034,-37.6538,1493.52,132.98,FALSE,273.55,14.31,'3240',1551166949,0.500000
'7c7a3c','VOZ879',144.6873,-37.6524,1668.78,136.51,FALSE,279.11,18.21,'3240',1551166959,0.555556
'7c7a3c','VOZ879',144.6732,-37.6482,1905,135.76,FALSE,295.59,25.68,'3240',1551166969,0.611111
'7c7a3c','VOZ879',144.6606,-37.6409,2171.7,134.2,FALSE,310.96,22.76,'3240',1551166979,0.666667
'7c7a3c','VOZ879',144.6508,-37.6318,2385.06,135.31,FALSE,322.26,19.51,'3240',1551166989,0.722222
'7c7a3c','VOZ879',144.6445,-37.6214,2575.56,137.76,FALSE,337.84,17.56,'3240',1551166998,0.777778
'7c7a3c','VOZ879',144.6347,-37.5961,2895.6,147.58,FALSE,342.77,14.63,'3240',1551167019,0.833333
'7c7a3c','VOZ879',144.63,-37.5835,3048,151.15,FALSE,344.4,14.31,'3240',1551167028,0.888889
'7c7a3c','VOZ879',144.6271,-37.5691,3147.06,158.28,FALSE,354.03,4.55,'3240',1551167039,0.944444
'7c7a3c','VOZ879',144.6284,-37.5542,3223.26,169.88,FALSE,8.01,4.23,'3240',1551167049,1.000000
'7c7ab1','VOZ168',144.8168,-37.5554,632.46,76.9,FALSE,171.92,-4.23,'0231',1551166899,0.000000
'7c7ab1','VOZ168',144.8179,-37.5616,601.98,75.88,FALSE,171.81,-3.9,'0231',1551166908,0.076923
'7c7ab1','VOZ168',144.8192,-37.5689,556.26,75.3,FALSE,172.15,-4.23,'0231',1551166919,0.153846
'7c7ab1','VOZ168',144.8217,-37.5825,480.06,72.83,FALSE,171.47,-3.9,'0231',1551166939,0.230769
'7c7ab1','VOZ168',144.8228,-37.5884,441.96,71.73,FALSE,171.75,-3.58,'0231',1551166949,0.307692
'7c7ab1','VOZ168',144.8242,-37.5954,396.24,71.38,FALSE,170.88,-3.9,'0231',1551166960,0.384615
'7c7ab1','VOZ168',144.8252,-37.6013,365.76,70.72,FALSE,171.63,-3.58,'0231',1551166969,0.461538
'7c7ab1','VOZ168',144.8265,-37.608,327.66,71.15,FALSE,172.1,-3.25,'0231',1551166979,0.538462
'7c7ab1','VOZ168',144.8276,-37.6141,289.56,72.4,FALSE,171.01,-4.55,'0231',1551166989,0.615385
'7c7ab1','VOZ168',144.8279,-37.615,266.7,71.15,FALSE,172.1,-4.55,'0231',1551166991,0.692308
'7c7ab1','VOZ168',144.831,-37.6323,182.88,70.21,FALSE,171.57,-3.9,'0231',1551167018,0.769231
'7c7ab1','VOZ168',144.8323,-37.6392,144.78,69.19,FALSE,171.45,-4.23,'0231',1551167029,0.846154
'7c7ab1','VOZ168',144.8331,-37.6436,114.3,69.19,FALSE,171.45,-4.23,'0231',1551167036,0.923077
'7c7ab1','VOZ168',144.8338,-37.6471,99.06,69.19,FALSE,171.45,-4.23,'0231',1551167042,1.000000
'7c6c60','TGG264',144.8194,-37.6603,175.26,86.47,FALSE,276.49,14.96,'4264',1551166960,0.000000
'7c6c60','TGG264',144.8099,-37.6594,327.66,88.57,FALSE,276.67,15.93,'4264',1551166969,0.058824
'7c6c60','TGG264',144.7991,-37.6585,480.06,91.7,FALSE,276.77,13.33,'4264',1551166980,0.117647
'7c6c60','TGG264',144.7888,-37.6576,556.26,100.23,FALSE,275.3,5.2,'4264',1551166989,0.176471
'7c6c60','TGG264',144.7779,-37.6571,617.22,108.82,FALSE,274.07,7.15,'4264',1551166999,0.235294
'7c6c60','TGG264',144.7502,-37.6555,838.2,124.25,FALSE,273.8,14.63,'4264',1551167019,0.294118
'7c6c60','TGG264',144.7354,-37.6548,967.74,130.93,FALSE,273.6,12.68,'4264',1551167029,0.352941
'7c6c60','TGG264',144.721,-37.6541,1150.62,131.44,FALSE,273.59,21.46,'4264',1551167039,0.411765
'7c6c60','TGG264',144.7051,-37.6533,1348.74,133.46,FALSE,273.31,19.51,'4264',1551167049,0.470588
'7c6c60','TGG264',144.6911,-37.6525,1516.38,136.52,FALSE,275.84,16.58,'4264',1551167059,0.529412
'7c6c60','TGG264',144.6752,-37.649,1699.26,140.25,FALSE,294.03,20.48,'4264',1551167069,0.588235
'7c6c60','TGG264',144.6629,-37.6424,1905,140.39,FALSE,310.99,23.73,'4264',1551167079,0.647059
'7c6c60','TGG264',144.6517,-37.6321,2141.22,141.12,FALSE,325.85,22.43,'4264',1551167090,0.705882
'7c6c60','TGG264',144.64,-37.6082,2545.08,142.86,FALSE,342.61,20.16,'4264',1551167109,0.764706
'7c6c60','TGG264',144.6355,-37.5967,2712.72,145.47,FALSE,342.72,15.93,'4264',1551167119,0.823529
'7c6c60','TGG264',144.6311,-37.5854,2834.64,148.08,FALSE,342.82,14.63,'4264',1551167128,0.882353
'7c6c60','TGG264',144.6267,-37.5708,2994.66,154.1,FALSE,352.52,15.28,'4264',1551167139,0.941176
'7c6c60','TGG264',144.6268,-37.5573,3147.06,157.71,FALSE,5.8,15.93,'4264',1551167149,1.000000
'7c6d31','VOZ868',144.8163,-37.5531,655.32,80.61,FALSE,171.56,-4.55,'3614',1551167038,0.000000
'7c6d31','VOZ868',144.8177,-37.5602,609.6,77.41,FALSE,171.98,-4.55,'3614',1551167048,0.071429
'7c6d31','VOZ868',144.819,-37.5672,571.5,75.96,FALSE,171.43,-3.9,'3614',1551167058,0.142857
'7c6d31','VOZ868',144.8204,-37.5749,525.78,74.86,FALSE,171.7,-3.9,'3614',1551167069,0.214286
'7c6d31','VOZ868',144.8215,-37.5807,495.3,72.83,FALSE,171.47,-3.9,'3614',1551167078,0.285714
'7c6d31','VOZ868',144.8228,-37.5879,449.58,70.72,FALSE,171.63,-4.23,'3614',1551167090,0.357143
'7c6d31','VOZ868',144.8252,-37.6009,365.76,70.21,FALSE,171.57,-3.58,'3614',1551167110,0.428571
'7c6d31','VOZ868',144.826,-37.6053,335.28,70.06,FALSE,172.41,-3.9,'3614',1551167117,0.500000
'7c6d31','VOZ868',144.8273,-37.6126,289.56,69.7,FALSE,171.51,-3.58,'3614',1551167129,0.571429
'7c6d31','VOZ868',144.8276,-37.6142,281.94,69.19,FALSE,171.45,-2.6,'3614',1551167132,0.642857
'7c6d31','VOZ868',144.8296,-37.6247,228.6,68.61,FALSE,171.81,-3.58,'3614',1551167149,0.714286
'7c6d31','VOZ868',144.8307,-37.6305,198.12,68.61,FALSE,171.81,-3.58,'3614',1551167159,0.785714
'7c6d31','VOZ868',144.8319,-37.6368,160.02,68.17,FALSE,171.32,-3.25,'3614',1551167169,0.857143
'7c6d31','VOZ868',144.8331,-37.6431,121.92,67.66,FALSE,171.25,-3.9,'3614',1551167179,0.928571
'7c6d31','VOZ868',144.8332,-37.6434,121.92,67.66,FALSE,171.25,-3.9,'3614',1551167180,1.000000
'7c15af','RXA3187',145.1034,-37.6276,1036.32,92.93,FALSE,234.46,-5.85,'4225',1551167129,0.000000
'7c15af','RXA3187',145.097,-37.6312,982.98,90.36,FALSE,234.5,-5.53,'4225',1551167137,0.032258
'7c15af','RXA3187',145.0888,-37.6358,929.64,85.94,FALSE,234.5,-5.53,'4225',1551167146,0.064516
'7c15af','RXA3187',145.0798,-37.6408,899.16,76.79,FALSE,234.82,-2.93,'4225',1551167159,0.096774
'7c15af','RXA3187',145.0732,-37.6446,876.3,73.08,FALSE,234.74,-2.6,'4225',1551167168,0.129032
'7c15af','RXA3187',145.066,-37.6487,845.82,70.39,FALSE,234.22,-2.28,'4225',1551167179,0.161290
'7c15af','RXA3187',145.054,-37.6555,807.72,64.11,FALSE,234.14,-1.63,'4225',1551167199,0.193548
'7c15af','RXA3187',145.0484,-37.6588,792.48,63.59,FALSE,233.22,-1.3,'4225',1551167209,0.225806
'7c15af','RXA3187',145.0423,-37.6625,784.86,64.31,FALSE,233.13,-0.98,'4225',1551167219,0.258065
'7c15af','RXA3187',145.0364,-37.6659,784.86,65.13,FALSE,233.67,0,'4225',1551167229,0.290323
'7c15af','RXA3187',145.0302,-37.6693,784.86,67.41,FALSE,238.74,-0.33,'4225',1551167239,0.322581
'7c15af','RXA3187',145.0234,-37.6712,777.24,70.63,FALSE,259.51,-0.65,'4225',1551167248,0.354839
'7c15af','RXA3187',145.0139,-37.6713,777.24,73.59,FALSE,271.6,-0.33,'4225',1551167260,0.387097
'7c15af','RXA3187',145.0067,-37.671,777.24,74.81,FALSE,274.34,-0.33,'4225',1551167268,0.419355
'7c15af','RXA3187',144.9973,-37.6703,762,77.46,FALSE,274.95,-2.6,'4225',1551167279,0.451613
'7c15af','RXA3187',144.981,-37.6692,685.8,75.32,FALSE,274.31,-4.55,'4225',1551167298,0.483871
'7c15af','RXA3187',144.971,-37.6688,632.46,72.14,FALSE,273.27,-4.23,'4225',1551167310,0.516129
'7c15af','RXA3187',144.9638,-37.6685,601.98,69,FALSE,272.56,-3.58,'4225',1551167319,0.548387
'7c15af','RXA3187',144.9563,-37.6682,563.88,66.46,FALSE,273.11,-3.58,'4225',1551167329,0.580645
'7c15af','RXA3187',144.9488,-37.6679,533.4,67.49,FALSE,273.06,-3.25,'4225',1551167339,0.612903
'7c15af','RXA3187',144.941,-37.6675,495.3,65.46,FALSE,273.6,-4.23,'4225',1551167349,0.645161
'7c15af','RXA3187',144.934,-37.6671,464.82,62.93,FALSE,274.22,-3.9,'4225',1551167359,0.677419
'7c15af','RXA3187',144.9201,-37.6663,403.86,66.01,FALSE,274.02,-4.23,'4225',1551167378,0.709677
'7c15af','RXA3187',144.9122,-37.6658,365.76,67.59,FALSE,274.37,-3.9,'4225',1551167389,0.741935
'7c15af','RXA3187',144.9048,-37.6654,327.66,67.59,FALSE,274.37,-2.93,'4225',1551167398,0.774194
'7c15af','RXA3187',144.8958,-37.6649,297.18,65.5,FALSE,274.05,-4.55,'4225',1551167410,0.806452
'7c15af','RXA3187',144.8896,-37.6646,266.7,63.41,FALSE,273.72,-2.93,'4225',1551167419,0.838710
'7c15af','RXA3187',144.8831,-37.6642,236.22,63.49,FALSE,274.65,-2.93,'4225',1551167428,0.870968
'7c15af','RXA3187',144.8758,-37.6637,205.74,65.07,FALSE,274.99,-3.58,'4225',1551167438,0.903226
'7c15af','RXA3187',144.868,-37.6632,175.26,64.47,FALSE,274.12,-3.25,'4225',1551167449,0.935484
'7c15af','RXA3187',144.8539,-37.6623,99.06,61.84,FALSE,273.34,-2.6,'4225',1551167469,0.967742
'7c15af','RXA3187',144.8525,-37.6623,91.44,62.35,FALSE,273.31,-2.93,'4225',1551167471,1.000000
'06a142','QTR29XL',144.8157,-37.5497,678.18,73.26,FALSE,171.93,-3.25,'2616',1551167178,0.000000
'06a142','QTR29XL',144.818,-37.5624,609.6,66.57,FALSE,171.56,-3.58,'2616',1551167199,0.062500
'06a142','QTR29XL',144.8191,-37.5684,571.5,65.04,FALSE,171.36,-3.25,'2616',1551167209,0.125000
'06a142','QTR29XL',144.8203,-37.5744,533.4,64.46,FALSE,171.74,-3.58,'2616',1551167219,0.187500
'06a142','QTR29XL',144.8212,-37.5796,502.92,64.46,FALSE,171.74,-3.25,'2616',1551167229,0.250000
'06a142','QTR29XL',144.8224,-37.5858,464.82,64.03,FALSE,171.22,-3.25,'2616',1551167239,0.312500
'06a142','QTR29XL',144.8234,-37.591,434.34,63.44,FALSE,171.61,-3.58,'2616',1551167249,0.375000
'06a142','QTR29XL',144.8245,-37.5971,396.24,63.95,FALSE,171.67,-3.9,'2616',1551167259,0.437500
'06a142','QTR29XL',144.8255,-37.6024,365.76,63.95,FALSE,171.67,-3.25,'2616',1551167269,0.500000
'06a142','QTR29XL',144.8263,-37.6067,342.9,63.44,FALSE,171.61,-3.25,'2616',1551167276,0.562500
'06a142','QTR29XL',144.8278,-37.6148,297.18,63.44,FALSE,171.61,-3.58,'2616',1551167291,0.625000
'06a142','QTR29XL',144.8294,-37.6231,243.84,63.44,FALSE,171.61,-3.25,'2616',1551167306,0.687500
'06a142','QTR29XL',144.8298,-37.6257,205.74,63.44,FALSE,171.61,-2.93,'2616',1551167310,0.750000
'06a142','QTR29XL',144.8318,-37.6361,167.64,62.93,FALSE,171.54,-3.25,'2616',1551167328,0.812500
'06a142','QTR29XL',144.8328,-37.6412,137.16,62.42,FALSE,171.47,-2.93,'2616',1551167337,0.875000
'06a142','QTR29XL',144.833,-37.6426,106.68,62.42,FALSE,171.47,-2.93,'2616',1551167340,0.937500
'06a142','QTR29XL',144.8345,-37.6503,83.82,63.44,FALSE,171.61,-3.25,'2616',1551167354,1.000000
'7c77fc','QFA155',144.8173,-37.6603,137.16,92.09,FALSE,276.09,14.96,'1407',1551167268,0.000000
'7c77fc','QFA155',144.8045,-37.6593,358.14,90.87,FALSE,274.87,16.58,'1407',1551167280,0.031250
'7c77fc','QFA155',144.7845,-37.658,548.64,101.09,FALSE,274.09,6.18,'1407',1551167298,0.062500
'7c77fc','QFA155',144.7716,-37.6572,609.6,110.4,FALSE,274.28,6.5,'1407',1551167309,0.093750
'7c77fc','QFA155',144.759,-37.6565,693.42,117.62,FALSE,274.26,9.43,'1407',1551167319,0.125000
'7c77fc','QFA155',144.7449,-37.6556,838.2,121.25,FALSE,274.38,14.96,'1407',1551167329,0.156250
'7c77fc','QFA155',144.7313,-37.6548,1028.7,120.7,FALSE,274.16,22.11,'1407',1551167339,0.187500
'7c77fc','QFA155',144.718,-37.6545,1249.68,116.4,FALSE,267.21,20.48,'1407',1551167349,0.218750
'7c77fc','QFA155',144.7055,-37.6565,1402.08,118.86,FALSE,253.92,11.7,'1407',1551167359,0.250000
'7c77fc','QFA155',144.6818,-37.6697,1577.34,132.92,FALSE,219.98,13.66,'1407',1551167379,0.281250
'7c77fc','QFA155',144.675,-37.6806,1798.32,131.45,FALSE,198.72,21.78,'1407',1551167389,0.312500
'7c77fc','QFA155',144.6729,-37.6922,1981.2,131.89,FALSE,183.13,19.51,'1407',1551167399,0.343750
'7c77fc','QFA155',144.6755,-37.7042,2171.7,133.51,FALSE,166.18,18.86,'1407',1551167409,0.375000
'7c77fc','QFA155',144.6816,-37.7149,2308.86,138.47,FALSE,150.39,14.63,'1407',1551167419,0.406250
'7c77fc','QFA155',144.6919,-37.7246,2423.16,145.57,FALSE,136.72,11.7,'1407',1551167429,0.437500
'7c77fc','QFA155',144.707,-37.7327,2560.32,151.8,FALSE,119.43,13.98,'1407',1551167439,0.468750
'7c77fc','QFA155',144.722,-37.7369,2689.86,155.98,FALSE,104.91,15.93,'1407',1551167449,0.500000
'7c77fc','QFA155',144.7577,-37.7422,3009.9,159.26,FALSE,99.86,16.26,'1407',1551167469,0.531250
'7c77fc','QFA155',144.7767,-37.7449,3177.54,160.78,FALSE,99.76,16.26,'1407',1551167479,0.562500
'7c77fc','QFA155',144.7938,-37.7472,3276.6,165.01,FALSE,99.87,7.8,'1407',1551167489,0.593750
'7c77fc','QFA155',144.8134,-37.7498,3329.94,173.55,FALSE,99.21,5.53,'1407',1551167499,0.625000
'7c77fc','QFA155',144.8332,-37.7522,3390.9,181.01,FALSE,98.5,6.83,'1407',1551167509,0.656250
'7c77fc','QFA155',144.8546,-37.7547,3520.44,183.99,FALSE,98.2,15.28,'1407',1551167519,0.687500
'7c77fc','QFA155',144.8749,-37.7569,3680.46,184.87,FALSE,97.84,17.23,'1407',1551167529,0.718750
'7c77fc','QFA155',144.8962,-37.7592,3840.48,186.33,FALSE,97.62,15.28,'1407',1551167539,0.750000
'7c77fc','QFA155',144.937,-37.7634,4122.42,189.32,FALSE,97.34,14.96,'1407',1551167559,0.781250
'7c77fc','QFA155',144.9595,-37.7657,4274.82,190.92,FALSE,97.43,15.28,'1407',1551167569,0.812500
'7c77fc','QFA155',144.981,-37.768,4427.22,191.94,FALSE,97.39,15.28,'1407',1551167579,0.843750
'7c77fc','QFA155',145.0032,-37.7703,4564.38,193.47,FALSE,97.33,14.31,'1407',1551167589,0.875000
'7c77fc','QFA155',145.0245,-37.7724,4709.16,194.49,FALSE,97.29,15.61,'1407',1551167599,0.906250
'7c77fc','QFA155',145.046,-37.7746,4869.18,194.49,FALSE,97.29,16.91,'1407',1551167609,0.937500
'7c77fc','QFA155',145.0684,-37.7768,5029.2,194.94,FALSE,97.13,15.61,'1407',1551167619,0.968750
'7c77fc','QFA155',145.0905,-37.7791,5173.98,195.51,FALSE,97.26,15.28,'1407',1551167629,1.000000
'7c6a58','AM314',144.94,-37.7841,495.3,87.21,FALSE,27.77,-4.88,'3616',1551167410,0.000000
'7c6a58','AM314',144.9444,-37.7776,441.96,84.46,FALSE,27.97,-4.88,'3616',1551167420,0.066667
'7c6a58','AM314',144.9485,-37.7714,403.86,78.23,FALSE,27.41,-2.28,'3616',1551167429,0.133333
'7c6a58','AM314',144.9524,-37.7655,388.62,70.42,FALSE,27.88,-2.28,'3616',1551167439,0.200000
'7c6a58','AM314',144.9554,-37.7598,358.14,69.48,FALSE,17.23,-3.58,'3616',1551167449,0.266667
'7c6a58','AM314',144.9576,-37.748,304.8,68.03,FALSE,3.47,-2.6,'3616',1551167468,0.333333
'7c6a58','AM314',144.9578,-37.7414,281.94,65.33,FALSE,0,-1.3,'3616',1551167479,0.400000
'7c6a58','AM314',144.9574,-37.7358,259.08,61.7,FALSE,352.82,-2.6,'3616',1551167489,0.466667
'7c6a58','AM314',144.954,-37.7312,236.22,56.44,FALSE,312.41,-3.9,'3616',1551167500,0.533333
'7c6a58','AM314',144.9484,-37.7299,198.12,52.12,FALSE,274.53,-3.25,'3616',1551167510,0.600000
'7c6a58','AM314',144.9423,-37.73,160.02,49.94,FALSE,267.64,-4.23,'3616',1551167520,0.666667
'7c6a58','AM314',144.937,-37.7302,121.92,48.92,FALSE,267.59,-2.28,'3616',1551167529,0.733333
'7c6a58','AM314',144.9331,-37.7303,106.68,48.43,FALSE,266.96,-3.25,'3616',1551167537,0.800000
'7c6a58','AM314',144.9209,-37.7306,45.72,50.46,FALSE,267.66,-1.3,'3616',1551167559,0.866667
'7c6a58','AM314',144.9162,-37.7308,30.48,51.47,FALSE,268.28,-3.25,'3616',1551167567,0.933333
'7c6a58','AM314',144.9136,-37.7308,15.24,50.43,FALSE,268.83,-3.25,'3616',1551167571,1.000000
'7c6d28','VOZ236',144.8171,-37.5571,632.46,78.5,FALSE,171.71,-3.9,'3720',1551167559,0.000000
'7c6d28','VOZ236',144.8184,-37.5644,586.74,76.39,FALSE,171.87,-3.25,'3720',1551167569,0.071429
'7c6d28','VOZ236',144.8196,-37.5712,548.64,74.86,FALSE,171.7,-3.58,'3720',1551167579,0.142857
'7c6d28','VOZ236',144.8209,-37.5781,510.54,73.92,FALSE,171.19,-3.25,'3720',1551167590,0.214286
'7c6d28','VOZ236',144.8221,-37.5843,472.44,72.32,FALSE,171.41,-3.9,'3720',1551167599,0.285714
'7c6d28','VOZ236',144.8233,-37.5907,426.72,70.21,FALSE,171.57,-3.9,'3720',1551167609,0.357143
'7c6d28','VOZ236',144.8245,-37.5968,396.24,70.21,FALSE,171.57,-3.58,'3720',1551167619,0.428571
'7c6d28','VOZ236',144.8257,-37.6032,358.14,71.23,FALSE,171.69,-3.25,'3720',1551167629,0.500000
'7c6d28','VOZ236',144.8279,-37.6151,289.56,68.61,FALSE,171.81,-3.25,'3720',1551167649,0.571429
'7c6d28','VOZ236',144.8283,-37.6176,274.32,69.7,FALSE,171.51,-3.25,'3720',1551167653,0.642857
'7c6d28','VOZ236',144.8298,-37.6264,228.6,70.13,FALSE,171.99,-3.25,'3720',1551167667,0.714286
'7c6d28','VOZ236',144.8311,-37.6338,182.88,70.37,FALSE,170.74,-2.6,'3720',1551167679,0.785714
'7c6d28','VOZ236',144.8326,-37.6405,152.4,68.84,FALSE,170.54,-4.23,'3720',1551167690,0.857143
'7c6d28','VOZ236',144.8333,-37.6442,114.3,67.59,FALSE,171.68,-4.55,'3720',1551167696,0.928571
'7c6d28','VOZ236',144.8344,-37.6504,83.82,67.01,FALSE,172.06,-3.9,'3720',1551167706,1.000000
'7c77f5','QFA451',144.8166,-37.5547,640.08,85.27,FALSE,171.67,-4.23,'3631',1551167679,0.000000
'7c77f5','QFA451',144.818,-37.5624,594.36,81.05,FALSE,171.97,-4.55,'3631',1551167690,0.083333
'7c77f5','QFA451',144.8193,-37.569,548.64,78.07,FALSE,171.28,-4.55,'3631',1551167699,0.166667
'7c77f5','QFA451',144.8205,-37.576,510.54,73.85,FALSE,171.59,-4.23,'3631',1551167709,0.250000
'7c77f5','QFA451',144.8228,-37.5885,441.96,72.32,FALSE,171.41,-4.23,'3631',1551167729,0.333333
'7c77f5','QFA451',144.8241,-37.5951,403.86,72.91,FALSE,171.07,-3.9,'3631',1551167739,0.416667
'7c77f5','QFA451',144.8254,-37.6017,365.76,74.09,FALSE,170.41,-4.23,'3631',1551167749,0.500000
'7c77f5','QFA451',144.8264,-37.6074,327.66,72.62,FALSE,172.67,-3.58,'3631',1551167758,0.583333
'7c77f5','QFA451',144.8277,-37.6145,281.94,72.83,FALSE,171.47,-4.23,'3631',1551167769,0.666667
'7c77f5','QFA451',144.828,-37.6158,266.7,72.75,FALSE,171.87,-3.9,'3631',1551167771,0.750000
'7c77f5','QFA451',144.8294,-37.6236,213.36,71.3,FALSE,171.29,-3.25,'3631',1551167783,0.833333
'7c77f5','QFA451',144.8314,-37.6342,175.26,70.87,FALSE,170.81,-3.58,'3631',1551167799,0.916667
'7c77f5','QFA451',144.8329,-37.6422,121.92,70.21,FALSE,171.57,-3.58,'3631',1551167812,1.000000
'7c6ca0','JST521',144.8159,-37.5511,670.56,82.14,FALSE,171.72,-4.88,'7252',1551167780,0.000000
'7c6ca0','JST521',144.817,-37.5572,640.08,77.48,FALSE,171.6,-3.58,'7252',1551167788,0.076923
'7c6ca0','JST521',144.8183,-37.564,586.74,70.72,FALSE,171.63,-4.23,'7252',1551167798,0.153846
'7c6ca0','JST521',144.8206,-37.5763,518.16,67.08,FALSE,171.62,-3.58,'7252',1551167819,0.230769
'7c6ca0','JST521',144.8218,-37.5827,487.68,66.06,FALSE,171.49,-2.6,'7252',1551167829,0.307692
'7c6ca0','JST521',144.8228,-37.5883,457.2,65.48,FALSE,171.87,-3.58,'7252',1551167839,0.384615
'7c6ca0','JST521',144.8239,-37.5942,419.1,68.17,FALSE,171.32,-3.9,'7252',1551167849,0.461538
'7c6ca0','JST521',144.8251,-37.6004,381,66.5,FALSE,172,-3.25,'7252',1551167859,0.538462
'7c6ca0','JST521',144.8259,-37.6051,350.52,66.06,FALSE,171.49,-3.25,'7252',1551167867,0.615385
'7c6ca0','JST521',144.8273,-37.6122,304.8,65.04,FALSE,171.36,-3.9,'7252',1551167880,0.692308
'7c6ca0','JST521',144.8277,-37.6145,243.84,64.97,FALSE,171.81,-3.25,'7252',1551167883,0.769231
'7c6ca0','JST521',144.8315,-37.6352,175.26,66.06,FALSE,171.49,-3.58,'7252',1551167919,0.846154
'7c6ca0','JST521',144.8326,-37.6411,137.16,64.97,FALSE,171.81,-3.58,'7252',1551167929,0.923077
'7c6ca0','JST521',144.8331,-37.6434,91.44,64.97,FALSE,171.81,-2.93,'7252',1551167933,1.000000
'7c6c59','TGG263',144.8185,-37.5649,579.12,77.48,FALSE,171.6,-4.23,'4313',1551167919,0.000000
'7c6c59','TGG263',144.8198,-37.5722,541.02,75.96,FALSE,171.43,-3.58,'4313',1551167929,0.090909
'7c6c59','TGG263',144.821,-37.5786,502.92,74.35,FALSE,171.65,-3.9,'4313',1551167939,0.181818
'7c6c59','TGG263',144.8222,-37.5853,464.82,73.26,FALSE,171.93,-2.93,'4313',1551167949,0.272727
'7c6c59','TGG263',144.8234,-37.5914,419.1,72.4,FALSE,171.01,-5.53,'4313',1551167958,0.363636
'7c6c59','TGG263',144.8246,-37.5979,388.62,71.73,FALSE,171.75,-3.9,'4313',1551167969,0.454545
'7c6c59','TGG263',144.8258,-37.6039,350.52,71.15,FALSE,172.1,-2.93,'4313',1551167978,0.545455
'7c6c59','TGG263',144.827,-37.6109,312.42,70.72,FALSE,171.63,-3.9,'4313',1551167989,0.636364
'7c6c59','TGG263',144.8294,-37.6236,236.22,71.97,FALSE,170.54,-4.55,'4313',1551168009,0.727273
'7c6c59','TGG263',144.8319,-37.6366,160.02,71.97,FALSE,170.54,-4.88,'4313',1551168029,0.818182
'7c6c59','TGG263',144.833,-37.6426,121.92,72.32,FALSE,171.41,-4.55,'4313',1551168039,0.909091
'7c6c59','TGG263',144.8331,-37.6433,76.2,72.4,FALSE,171.01,-4.55,'4313',1551168040,1.000000
'7c530d','QLK289D',144.8074,-37.6598,320.04,82.03,FALSE,274.32,10.4,'3277',1551167919,0.000000
'7c530d','QLK289D',144.7975,-37.6592,441.96,85.15,FALSE,274.5,10.4,'3277',1551167930,0.052632
'7c530d','QLK289D',144.7882,-37.6587,541.02,88.19,FALSE,274.01,8.45,'3277',1551167939,0.105263
'7c530d','QLK289D',144.7774,-37.6582,617.22,94.26,FALSE,272.82,6.5,'3277',1551167950,0.157895
'7c530d','QLK289D',144.7673,-37.6577,693.42,98.39,FALSE,273,8.78,'3277',1551167960,0.210526
'7c530d','QLK289D',144.7548,-37.6573,792.48,101.94,FALSE,272.31,9.1,'3277',1551167970,0.263158
'7c530d','QLK289D',144.7443,-37.6569,906.78,102.05,FALSE,273.47,13.33,'3277',1551167979,0.315789
'7c530d','QLK289D',144.7324,-37.6563,1066.8,99.4,FALSE,272.67,14.63,'3277',1551167990,0.368421
'7c530d','QLK289D',144.7116,-37.6602,1272.54,99.5,FALSE,232.77,6.83,'3277',1551168010,0.421053
'7c530d','QLK289D',144.7043,-37.6672,1333.5,103.5,FALSE,210.13,6.83,'3277',1551168020,0.473684
'7c530d','QLK289D',144.7009,-37.6769,1402.08,107.77,FALSE,186.85,7.15,'3277',1551168030,0.526316
'7c530d','QLK289D',144.7023,-37.6861,1493.52,111.13,FALSE,162.49,9.43,'3277',1551168039,0.578947
'7c530d','QLK289D',144.7084,-37.6964,1577.34,115.82,FALSE,151.04,5.53,'3277',1551168050,0.631579
'7c530d','QLK289D',144.7145,-37.7046,1623.06,120.52,FALSE,148.62,6.18,'3277',1551168059,0.684211
'7c530d','QLK289D',144.7222,-37.7145,1676.4,125.48,FALSE,148.07,5.53,'3277',1551168070,0.736842
'7c530d','QLK289D',144.7291,-37.7236,1744.98,127.28,FALSE,151.78,8.13,'3277',1551168079,0.789474
'7c530d','QLK289D',144.7405,-37.7457,1905,129.17,FALSE,161.42,8.78,'3277',1551168100,0.842105
'7c530d','QLK289D',144.745,-37.7565,1988.82,130.31,FALSE,162.07,8.45,'3277',1551168109,0.894737
'7c530d','QLK289D',144.7495,-37.7677,2072.64,131.63,FALSE,162.49,8.45,'3277',1551168120,0.947368
'7c530d','QLK289D',144.7539,-37.7785,2156.46,132.59,FALSE,161.92,8.45,'3277',1551168129,1.000000
'7c6d94','QFA1016',145.1072,-37.7178,3048,144.03,FALSE,334.17,-7.48,'4034',1551167959,0.000000
'7c6d94','QFA1016',145.1002,-37.7059,2971.8,144.08,FALSE,335.08,-7.15,'4034',1551167969,0.041667
'7c6d94','QFA1016',145.0933,-37.694,2903.22,143.4,FALSE,335.18,-6.83,'4034',1551167979,0.083333
'7c6d94','QFA1016',145.0866,-37.6824,2842.26,142.5,FALSE,335.47,-6.83,'4034',1551167989,0.125000
'7c6d94','QFA1016',145.0729,-37.6588,2720.34,140.85,FALSE,334.93,-6.18,'4034',1551168009,0.166667
'7c6d94','QFA1016',145.0668,-37.6483,2659.38,139.92,FALSE,334.75,-6.18,'4034',1551168019,0.208333
'7c6d94','QFA1016',145.0595,-37.636,2598.42,138.77,FALSE,334.76,-6.18,'4034',1551168029,0.250000
'7c6d94','QFA1016',145.0531,-37.6252,2537.46,138.08,FALSE,334.87,-6.83,'4034',1551168039,0.291667
'7c6d94','QFA1016',145.0465,-37.6141,2468.88,137.4,FALSE,334.97,-6.83,'4034',1551168049,0.333333
'7c6d94','QFA1016',145.0399,-37.6028,2407.92,136.72,FALSE,335.07,-6.5,'4034',1551168059,0.375000
'7c6d94','QFA1016',145.0331,-37.5911,2339.34,135.82,FALSE,335.38,-6.5,'4034',1551168070,0.416667
'7c6d94','QFA1016',145.027,-37.5805,2286,135.35,FALSE,335.29,-6.5,'4034',1551168079,0.458333
'7c6d94','QFA1016',145.0142,-37.5586,2164.08,133.7,FALSE,334.72,-6.18,'4034',1551168099,0.500000
'7c6d94','QFA1016',144.8166,-37.5547,640.08,80.1,FALSE,171.51,-3.9,'4034',1551168420,0.541667
'7c6d94','QFA1016',144.8178,-37.5612,601.98,75.37,FALSE,171.76,-4.23,'4034',1551168429,0.583333
'7c6d94','QFA1016',144.819,-37.5678,563.88,73.26,FALSE,171.93,-3.9,'4034',1551168439,0.625000
'7c6d94','QFA1016',144.82,-37.5736,525.78,72.75,FALSE,171.87,-3.9,'4034',1551168448,0.666667
'7c6d94','QFA1016',144.8225,-37.5864,449.58,71.3,FALSE,171.29,-3.9,'4034',1551168468,0.708333
'7c6d94','QFA1016',144.8236,-37.5927,411.48,70.72,FALSE,171.63,-3.58,'4034',1551168478,0.750000
'7c6d94','QFA1016',144.8248,-37.5989,381,70.72,FALSE,171.63,-3.9,'4034',1551168488,0.791667
'7c6d94','QFA1016',144.8256,-37.6035,350.52,71.23,FALSE,171.69,-3.9,'4034',1551168495,0.833333
'7c6d94','QFA1016',144.8271,-37.6111,297.18,70.29,FALSE,171.16,-3.9,'4034',1551168507,0.875000
'7c6d94','QFA1016',144.8283,-37.618,266.7,70.64,FALSE,172.05,-3.58,'4034',1551168518,0.916667
'7c6d94','QFA1016',144.8294,-37.6238,228.6,72.24,FALSE,171.81,-3.9,'4034',1551168527,0.958333
'7c6d94','QFA1016',144.8306,-37.6304,190.5,72.32,FALSE,171.41,-3.58,'4034',1551168538,1.000000
'7c7a38','VOZ287',144.818,-37.6607,190.5,85.07,FALSE,273.81,16.91,'7212',1551168025,0.000000
'7c7a38','VOZ287',144.8049,-37.6599,365.76,87.28,FALSE,275.07,13,'7212',1551168039,0.058824
'7c7a38','VOZ287',144.7946,-37.6591,457.2,95.11,FALSE,275.59,5.2,'7212',1551168049,0.117647
'7c7a38','VOZ287',144.783,-37.6582,502.92,103.45,FALSE,275.99,8.13,'7212',1551168059,0.176471
'7c7a38','VOZ287',144.7708,-37.6572,571.5,111.29,FALSE,276.37,7.48,'7212',1551168069,0.235294
'7c7a38','VOZ287',144.7577,-37.6561,640.08,118.96,FALSE,275.96,7.15,'7212',1551168079,0.294118
'7c7a38','VOZ287',144.7292,-37.654,830.58,131.11,FALSE,274.73,10.4,'7212',1551168099,0.352941
'7c7a38','VOZ287',144.7145,-37.6531,952.5,134.7,FALSE,274.6,13.66,'7212',1551168109,0.411765
'7c7a38','VOZ287',144.699,-37.6522,1120.14,135.1,FALSE,273.93,18.21,'7212',1551168119,0.470588
'7c7a38','VOZ287',144.6838,-37.6507,1295.4,135.33,FALSE,280.07,16.26,'7212',1551168129,0.529412
'7c7a38','VOZ287',144.6688,-37.6459,1470.66,137.42,FALSE,298.39,12.68,'7212',1551168139,0.588235
'7c7a38','VOZ287',144.6574,-37.6386,1600.2,140.19,FALSE,312.47,10.08,'7212',1551168149,0.647059
'7c7a38','VOZ287',144.6482,-37.6272,1775.46,142.19,FALSE,332.88,13.66,'7212',1551168159,0.705882
'7c7a38','VOZ287',144.6434,-37.6153,1927.86,143.8,FALSE,344.22,16.58,'7212',1551168169,0.764706
'7c7a38','VOZ287',144.6342,-37.5913,2255.52,143.01,FALSE,342.41,16.58,'7212',1551168189,0.823529
'7c7a38','VOZ287',144.6289,-37.5782,2423.16,143.66,FALSE,342.28,16.26,'7212',1551168199,0.882353
'7c7a38','VOZ287',144.625,-37.5653,2567.94,144.48,FALSE,349.33,10.4,'7212',1551168209,0.941176
'7c7a38','VOZ287',144.6254,-37.5521,2697.48,148.5,FALSE,6.16,9.1,'7212',1551168219,1.000000
'7c6781','UTY531',144.8172,-37.5575,632.46,81.12,FALSE,171.61,-4.55,'1173',1551168048,0.000000
'7c6781','UTY531',144.8187,-37.5655,586.74,76.97,FALSE,171.54,-4.55,'1173',1551168059,0.125000
'7c6781','UTY531',144.8199,-37.5719,548.64,74.86,FALSE,171.7,-3.9,'1173',1551168069,0.250000
'7c6781','UTY531',144.821,-37.5782,510.54,74.28,FALSE,172.04,-3.58,'1173',1551168078,0.375000
'7c6781','UTY531',144.8234,-37.592,434.34,68.1,FALSE,171.75,-3.9,'1173',1551168100,0.500000
'7c6781','UTY531',144.8242,-37.5955,396.24,63.95,FALSE,171.67,-3.9,'1173',1551168106,0.625000
'7c6781','UTY531',144.8256,-37.6031,350.52,62.93,FALSE,171.54,-3.25,'1173',1551168119,0.750000
'7c6781','UTY531',144.8276,-37.6138,304.8,62.93,FALSE,171.54,-3.25,'1173',1551168139,0.875000
'7c6781','UTY531',144.8322,-37.6391,160.02,61.33,FALSE,171.8,-2.6,'1173',1551168184,1.000000
'7c6c52','VOZ870',144.8306,-37.5498,723.9,95.58,FALSE,216.68,-6.5,'7242',1551168170,0.000000
'7c6c52','VOZ870',144.8192,-37.5634,609.6,88.29,FALSE,202.98,-6.18,'7242',1551168189,0.076923
'7c6c52','VOZ870',144.8193,-37.5712,556.26,82.33,FALSE,168.83,-5.2,'7242',1551168200,0.153846
'7c6c52','VOZ870',144.821,-37.578,502.92,79.61,FALSE,169.2,-5.2,'7242',1551168209,0.230769
'7c6c52','VOZ870',144.8224,-37.585,457.2,73.7,FALSE,172.38,-3.9,'7242',1551168220,0.307692
'7c6c52','VOZ870',144.8234,-37.5911,426.72,69.12,FALSE,171.87,-3.25,'7242',1551168230,0.384615
'7c6c52','VOZ870',144.8245,-37.5974,388.62,67.59,FALSE,171.68,-4.23,'7242',1551168240,0.461538
'7c6c52','VOZ870',144.8256,-37.6032,358.14,67.32,FALSE,170.32,-2.93,'7242',1551168249,0.538462
'7c6c52','VOZ870',144.8267,-37.6088,320.04,66.57,FALSE,171.56,-3.9,'7242',1551168259,0.615385
'7c6c52','VOZ870',144.8282,-37.6174,274.32,66.65,FALSE,171.12,-3.9,'0220',1551168273,0.692308
'7c6c52','VOZ870',144.8298,-37.6258,220.98,66.06,FALSE,171.49,-2.93,'7242',1551168288,0.769231
'7c6c52','VOZ870',144.8311,-37.6326,182.88,67.59,FALSE,171.68,-2.93,'7242',1551168299,0.846154
'7c6c52','VOZ870',144.8323,-37.6389,144.78,67.66,FALSE,171.25,-3.58,'7242',1551168310,0.923077
'7c6c52','VOZ870',144.8332,-37.6442,99.06,67.01,FALSE,172.06,-2.93,'7242',1551168318,1.000000
'7c6abc','VDA',144.5758,-37.7806,1470.66,79.16,FALSE,98.97,0.33,'4352',1551168279,0.000000
'7c6abc','VDA',144.585,-37.7817,1470.66,79.38,FALSE,97.45,0,'4352',1551168290,0.250000
'7c6abc','VDA',144.5935,-37.7828,1470.66,79.7,FALSE,101.16,-0.33,'4352',1551168299,0.500000
'7c6abc','VDA',144.6023,-37.7847,1470.66,78.74,FALSE,108.67,0.33,'4352',1551168310,0.750000
'7c6abc','VDA',144.6108,-37.787,1470.66,78.76,FALSE,109.86,0,'4352',1551168319,1.000000
'7c6c5a','VOZ336',144.8159,-37.5499,670.56,94.07,FALSE,171.83,-5.2,'1064',1551168289,0.000000
'7c6c5a','VOZ336',144.8175,-37.5587,617.22,90.51,FALSE,171.5,-4.55,'1064',1551168300,0.076923
'7c6c5a','VOZ336',144.8187,-37.5658,571.5,87.23,FALSE,172.2,-3.9,'1064',1551168309,0.153846
'7c6c5a','VOZ336',144.8201,-37.5734,525.78,83.16,FALSE,171.82,-4.88,'1064',1551168319,0.230769
'7c6c5a','VOZ336',144.8214,-37.5813,480.06,79.38,FALSE,172.55,-4.23,'1064',1551168330,0.307692
'7c6c5a','VOZ336',144.8227,-37.5882,441.96,76.47,FALSE,171.49,-3.9,'1064',1551168340,0.384615
'7c6c5a','VOZ336',144.8241,-37.5948,396.24,73.26,FALSE,171.93,-3.58,'1064',1551168350,0.461538
'7c6c5a','VOZ336',144.8264,-37.607,335.28,72.75,FALSE,171.87,-3.25,'1064',1551168369,0.538462
'7c6c5a','VOZ336',144.8276,-37.6138,297.18,72.32,FALSE,171.41,-4.23,'1064',1551168379,0.615385
'7c6c5a','VOZ336',144.8283,-37.6178,266.7,72.17,FALSE,172.22,-3.58,'1064',1551168386,0.692308
'7c6c5a','VOZ336',144.8297,-37.6256,220.98,72.75,FALSE,171.87,-3.25,'1064',1551168398,0.769231
'7c6c5a','VOZ336',144.8312,-37.6334,175.26,71.81,FALSE,171.35,-2.93,'1064',1551168410,0.846154
'7c6c5a','VOZ336',144.8324,-37.6395,144.78,71.89,FALSE,170.94,-4.23,'1064',1551168419,0.923077
'7c6c5a','VOZ336',144.8329,-37.6424,91.44,71.81,FALSE,171.35,-4.23,'1064',1551168424,1.000000
'7c6d39','VOZ883',144.8171,-37.6601,190.5,80.85,FALSE,276.94,13.98,'3766',1551168415,0.000000
'7c6d39','VOZ883',144.8037,-37.6592,342.9,85.58,FALSE,273.79,11.05,'3766',1551168429,0.090909
'7c6d39','VOZ883',144.7938,-37.6587,457.2,88.78,FALSE,274.65,10.4,'3766',1551168440,0.181818
'7c6d39','VOZ883',144.7834,-37.6581,525.78,95.41,FALSE,274.02,6.18,'3766',1551168449,0.272727
'7c6d39','VOZ883',144.7595,-37.6568,662.94,110.44,FALSE,274.54,9.75,'3766',1551168470,0.363636
'7c6d39','VOZ883',144.7462,-37.656,777.24,116.63,FALSE,274.55,11.38,'3766',1551168480,0.454545
'7c6d39','VOZ883',144.7338,-37.6552,883.92,121.29,FALSE,274.62,12.68,'3766',1551168489,0.545455
'7c6d39','VOZ883',144.7186,-37.6542,1036.32,124.92,FALSE,274.72,15.28,'3766',1551168500,0.636364
'7c6d39','VOZ883',144.7051,-37.6534,1173.48,127.48,FALSE,274.63,13.98,'3766',1551168510,0.727273
'7c6d39','VOZ883',144.6894,-37.6523,1280.16,131.4,FALSE,276.07,8.45,'3766',1551168520,0.818182
'7c6d39','VOZ883',144.6757,-37.6493,1356.36,137.97,FALSE,289.38,7.8,'3766',1551168529,0.909091
'7c6d39','VOZ883',144.6615,-37.6419,1501.14,143.01,FALSE,309.01,14.63,'3766',1551168540,1.000000
'7c6c57','VOZ1333',145.1028,-37.71,3063.24,146.82,FALSE,334.69,-7.8,'4305',1551168499,0.000000
'7c6c57','VOZ1333',145.0956,-37.6978,2987.04,147.75,FALSE,334.86,-7.48,'4305',1551168509,0.250000
'7c6c57','VOZ1333',145.0884,-37.6855,2918.46,148.68,FALSE,335.03,-7.48,'4305',1551168519,0.500000
'7c6c57','VOZ1333',145.0816,-37.6739,2849.88,149.36,FALSE,334.94,-7.8,'4305',1551168529,0.750000
'7c6c57','VOZ1333',145.0745,-37.6618,2773.68,150.08,FALSE,335.28,-7.48,'4305',1551168539,1.000000
